Unnamed: 0,Supermarket,Location,Rice_1kg,Sugar_1kg,Dhal_1kg,Milk_Powder_400g,Eggs_10,Chicken_1kg,Vegetable_Assortment,Total_Basket_Cost,Promo_Active
0,Glomark,Colombo,NA,NA,301.2220381287786,1075.7516481250514,478.2468155113588,1210.8321985986888,650.0649789733042,4622.8493006389535,No
1,Laughs Super,Galle,212.70674071370314,322.86131805779837,334.27677772028267,1138.7722735381546,607.2046523803739,1066.5248996877897,590.8336161081095,4547.8803161387805,No
2,Sathosa,Colombo,243.89472691389196,291.625903183871,329.37579057668785,980.7821662321855,580.0424103574819,1402.3651604370257,423.06899755080656,4437.9447925730565,Yes
3,Glomark,Gampaha,213.49087601484922,329.09855616651333,354.03599658219247,1027.9433690071698,614.9925475885373,1249.9535529805241,473.8670940548532,4495.602705245652,No
4,Arpico Supercentre,Kandy,209.00961698044233,307.4318766097305,352.7622634674867,1075.382449393022,624.3063845043657,1253.6080032100122,467.0560862907877,4482.4809965193635,No
5,Sathosa,Gampaha,211.32584629053792,297.6320419890754,359.44903649842183,1032.8547800865197,662.394797905396,1309.265420204964,448.58474834792565,4658.6226219574955,No
6,Sathosa,Gampaha,217.96423926522652,295.4998819325925,333.1003431756401,1070.9611105748015,602.696021265289,1153.53408377228,527.251582582091,4552.648597434849,No
7,Glomark,Galle,208.09742473491085,324.15184340860526,363.0694487616473,1142.6856522841415,746.1677808659545,1210.4363289670941,314.02204470290917,4681.908692031473,Yes
8,Cargills Food City,Galle,214.47325016369956,304.60974429207005,311.0998316806579,1106.6068360667991,615.3204927492607,1094.454246897619,588.0714388006484,4653.2781222854765,Yes
9,Arpico Supercentre,Galle,222.35802782645618,308.6461746238154,304.45238168369116,1166.5308517754795,692.1239522283605,1151.3641242171852,669.3550790715356,4890.9283656774005,Yes
10, Keells ,Gampaha,218.267898851144,310.8200374520726,291.6106818958343,1109.7687642175872,483.3581099737876,1230.852800037539,473.01594593281834,4398.153380961298,No
11,Arpico Supercentre,Colombo,232.47562865463772,302.6587237044538,337.5175690107001,1149.6230415747264,667.4869764775312,1066.777226629404,471.06355748821716,4426.881870599348,No
12,Arpico Supercentre,Colombo,215.20967383277832,310.39744452699966,331.16754439153607,1096.7964849935752,590.961975510222,1149.0968363457534,515.7044247208671,4476.911819832429,Yes
13,Sathosa,Gampaha,216.93075241783617,297.6335315463802,369.732890296365,1070.4862258320109,502.58263702863644,1125.7652832049823,601.938597696021,4282.521170345338,Yes
14,Laughs Super,Gampaha,224.06592623113394,299.0038273634685,333.78343532377824,1174.0284027770945,621.027255461406,1211.3673796496275,467.5706283182758,4675.521659105425,Yes
15,Arpico Supercentre,Kandy,253.67209909015844,277.6177014394658,356.8344086986067,1064.5324856031966,584.8522231007842,1245.9761009332278,593.3945166101737,4620.568622108765,No
16,Spar,Galle,208.18597134461692,305.95520501836796,370.33241441457693,1117.192241156215,629.0026624224071,1259.3722243501165,548.8494672453243,4534.778463106599,Yes
17,Sathosa,Galle,248.85436618217918,265.6091798657556,332.8420231087721,1138.4448681612237,650.5538228775539,1279.905331582252,736.1611444004691,4768.682588141052,No
18,Cargills Food City,Gampaha,202.24640248083193,305.6711614122183,357.4513052526794,1142.0746352235428,525.5424941619202,1309.7693477257897,467.1337984837704,4529.681928145686,No
19,Laughs Super,Gampaha,223.43455648345656,294.3876796767037,375.0481887238799,1041.727866488999,650.7459491227578,1248.5796362946726,302.3999552279166,4412.10793531702,Yes
20,Spar,Colombo,214.90920560232703,307.4917021890196,319.04593062986083,1152.5975202914133,600.3239742110359,1350.9868719115532,356.70608793144856,4547.865225880902,Yes
21,Spar,Gampaha,207.77093595217116,279.0234333183665,350.6213084561161,1051.0522376946365,667.6420587346637,1209.5602017011745,501.1928237400157,4563.565058840663,No
22,Cargills Food City,Colombo,230.48638572789983,257.6128526392272,332.94914042001716,1140.5351827674997,589.7425885501066,1186.1343076599562,602.7882094020752,4593.821361835481,Yes
23,Laughs Super,Gampaha,228.9984495056651,292.9826938605292,320.63775293767156,1126.7586735524549,576.479555373429,1248.584589068803,434.7490859579276,4537.652361525935,Yes
24,Sathosa,Kandy,212.7812779926474,279.081746622858,311.5887064877443,1140.931533088995,601.3527020344476,1182.6871060005928,476.906755012467,4363.156213839411,No
25,Keells,Kandy,188.59308993947405,264.38886633579034,320.2337856955325,1039.7498239450485,605.0930353189926,1348.205178302004,568.4842737331576,4460.5747572129185,No
26,Laughs Super,Colombo,213.69928803058727,315.3596653938914,351.5007251438003,1129.3964871367195,566.8607599254133,1290.478677850817,403.47673991215424,4559.966481307331,No
27,Cargills Food City,Galle,222.08806166435224,332.0247645428408,309.72888861095635,1154.2796838204085,575.1847634522359,1260.0222515359612,438.8730600805182,4544.476307892177,No
28,Spar,Kandy,220.02720416792013,284.060971284509,336.23182439778407,1109.669789158087,538.6562232743106,1210.513547523308,383.22733123897393,4172.809361559085,No
29,Sathosa,Colombo,231.3390292268748,298.48458345557094,370.3298601713224,1059.0691660197713,578.2677455104903,1167.401826286811,617.8228092882562,4540.746501257728,Yes
30,Laughs Super,Gampaha,249.0031394414499,293.8442876664038,361.2252740854734,1145.9873807163995,633.815502999879,1256.1060003654209,654.1672811796367,4725.036382846581,No
31,Keells,Gampaha,226.2081225587621,286.8220315604759,336.73730942654606,1105.6959814050385,593.1322913046928,1109.8322038522433,342.05850105069396,4250.551034049108,No
32,Keells,Colombo,228.51652551636437,313.2747442777604,392.2422603339681,1016.2777868086152,650.4532648023664,1322.7490826752817,485.78145010117765,4637.089063954728,No
33,Arpico Supercentre,Galle,222.22272597068724,320.2028292085724,397.32591034779153,1055.190526884167,590.7285266173462,1185.7890635691701,640.7258975064944,4716.8563864476655,Yes
34,Arpico Supercentre,Colombo,237.58653673588364,282.62785621468794,350.6530607884931,1073.6852734386514,528.4241001138342,1224.4085386592583,539.8695183622237,4595.083336903102,No
35,Glomark,Colombo,227.97100016440496,300.8953373418981,288.2864271028923,1175.290914381983,629.8637443778291,1127.231913904537,451.07607670009054,4385.3311536474885,No
36,Cargills Food City,Kandy,231.23658515446485,325.6906606786779,372.1612049254065,1166.5091543153108,566.3188429483298,1257.8389010495378,345.3837880389101,4678.72186692251,No
37,Laughs Super,Colombo,247.13435243530245,313.7807240642994,292.6505914991604,1166.3484265528339,588.3316355618233,1163.7006709729337,615.2944551822865,4662.982278594402,Yes
38,Laughs Super,Colombo,223.40476451829025,316.75394876800976,386.9036527680017,1111.6180138841933,661.8786023742058,1251.938303224408,536.0515214944497,4800.338057344142,No
39,Glomark,Gampaha,215.93556606748393,327.35970614884826,377.08962251855746,1145.67973958896,541.9564770139243,1260.5914775181911,352.7013612258245,4535.606771846072,No
40,Spar,Kandy,226.69434022002878,327.096903447465,394.3553126034505,1042.9610295657055,608.2371893732193,1148.1894309129168,618.9891053874991,4686.757679151857,No
41,Spar,Gampaha,237.04363475678895,320.5728526060613,356.5066389591932,1100.3401549196385,597.9740824982104,1110.1176703268804,339.959643824213,4309.8310629362795,Yes
42,Glomark,Gampaha,227.52140135539122,302.8987482956236,340.9653558204541,1122.5816350824798,635.0462857718551,1322.5519933235637,477.95138458325886,4670.044630921069,Yes
43,Spar,Galle,235.90957868232115,292.3503396508382,338.7474716577444,1046.255047134544,642.7576682741011,1184.6160772776734,473.5385296627871,4316.589934060112,Yes
44,Arpico Supercentre,Galle,209.96537759024972,302.0695553062637,336.3434957242276,1110.4956044820935,613.1919502124446,1217.9879052836511,661.8381328847836,4548.7957657921115,Yes
45,Laughs Super,Kandy,206.9787366189327,289.31186627953264,374.52671634186754,1184.3319592902171,581.9812676709801,1238.8371619717393,473.89538081198475,4561.426925755931,No
46,Glomark,Kandy,211.82443576979364,260.95026253978637,367.806787237647,1127.9384892280314,623.668625201298,1099.7039896081424,473.5357313699275,4359.924129248961,No
47,Laughs Super,Galle,200.98926547731497,294.41001868399917,353.00564083585533,1145.877260333206,666.782794857228,1237.013290945591,363.69216551023067,4479.187265322116,Yes
48,Keells,Galle,221.65449367950131,307.1505248767444,331.9454673018257,977.3796538283868,598.635503018015,1207.930122892371,435.9602320941394,4207.439759952331,Yes
49,Arpico Supercentre,Galle,213.54961921225126,288.2546116446764,415.7303157825068,1177.8984424576463,586.6371942788486,1148.5175441836486,418.27045391193576,4584.745128746796,No
50,cargills,Galle,NA,296.14440425522787,372.80936534907175,1090.6938826123915,619.4085128833995,1107.4771212129817,423.4777633995307,4515.840401419796,No
51,Arpico Supercentre,Galle,200.63163456703796,296.9192656806654,310.05720200566475,1061.565684296498,601.9363510184805,1248.4708438365815,500.62845248918734,4621.5394113671955,Yes
52,Glomark,Gampaha,243.32384014954903,327.1371354843778,337.09359960157184,1091.2681074095035,533.11452880411,1290.2169606555904,256.58236141574076,4320.968553398355,Yes
53,Sathosa,Kandy,205.28199497143675,292.811254519502,373.29440243521765,1025.748892085955,611.9665400198741,1214.2872413914242,348.9769754583102,4382.149251333595,Yes
54,Keells,Gampaha,201.42653723277476,327.1326676436691,330.0115269691829,1152.397103087607,532.6618795618118,1085.242772652025,488.89811263928453,4481.963072797957,Yes
55,Glomark,Gampaha,207.6302300852339,245.75019016304054,358.7886989706472,1083.2302138613104,618.7240323204223,1115.4133746260216,512.1254683103932,4363.089091455748,No
56,Cargills Food City,Colombo,249.26920128603632,326.95711562658073,373.7699075084037,1063.0684593986966,560.1428637796716,1165.4301032540757,476.65672013561044,4403.9415394112075,Yes
57,Laughs Super,Gampaha,219.39872293940496,325.9481222972525,265.2892979335902,1091.5972467155818,601.8437402093173,1325.16957929286,495.9205510215039,4735.789836097634,Yes
58,Keells,Galle,227.94153267480704,318.04509346778383,347.29905750526876,1155.9007827288071,619.5296953099619,1180.25994703209,459.0883386344749,4571.951161582566,No
59,Laughs Super,Galle,217.24162393407968,259.76163993592456,348.28022883912803,1106.572920039061,722.6951672971785,1162.514486176144,498.1495396770337,4573.180536537374,No
60,Spar,Colombo,218.6488205022969,320.37773990444964,339.69818860790525,1029.5153115233265,637.1374980893462,1066.1212160259108,543.4142220262216,4297.315525287326,No
61,Cargills Food City,Colombo,212.4117992014856,298.99761648649496,357.54237837365105,1123.249041487054,668.2399404871167,1147.465216791191,542.7133728687661,4475.275057081672,No
62,Cargills Food City,Colombo,220.761159382829,249.4132512015068,366.43799018739685,1053.5510022838687,693.5873909346963,1101.3650916807335,431.10415885415046,4475.848217174633,No
63,Keells,Colombo,227.41899837822572,325.96355415669393,353.55127360811525,992.1949484312591,624.4627958499722,1119.745613526176,591.509473958295,4527.604377361999,Yes
64,Cargills Food City,Colombo,245.17458264734344,328.88346157097936,340.65431514876417,1174.8003606358589,614.28449001336,1209.5960544126995,515.710869450332,4633.135097516929,Yes
65,Sathosa,Gampaha,191.88296687710732,261.9097585626966,365.8155324946067,1122.8614937413845,546.6639445586892,1167.9068635511057,623.221395633977,4431.521693469688,Yes
66,Cargills Food City,Colombo,244.16230464088753,303.50842150600226,351.2263352318589,1096.0864668098293,594.1685033799803,1335.9595562137076,643.2872431267082,4862.785457551157,No
67,Laughs Super,Gampaha,227.9194064053971,327.77182242888364,344.23248967011307,1082.719524265165,563.8456135182068,1286.2402698165981,355.7273278626754,4467.883224302513,Yes
68,Laughs Super,Kandy,214.4835582602046,324.6032262691429,317.193015366527,1169.8539750366658,579.9470574937807,1151.289284975173,414.0972461131291,4323.974074948926,No
69,Glomark,Colombo,211.78414775561006,316.7212210231905,310.933630368348,1254.3577575099202,693.5331688096234,1126.6545726607587,581.354803997055,4891.434705811097,Yes
70,Laughs Super,Colombo,235.65513468053123,247.05494240204985,316.71925518214823,1122.439025928326,605.7310754599995,1310.6113548531355,333.51075798710525,4283.278175174679,Yes
71,Glomark,Gampaha,223.4346780728281,314.5908553327163,356.9582265305054,1048.518265883606,556.2050211141946,1332.8033991586785,642.0176962693373,4691.486587679313,No
72,Laughs Super,Kandy,196.98902321951607,295.63792203252115,348.0230313098412,1092.276724056601,668.7266727345652,1024.4601405163573,465.6117805187337,4396.275489531863,No
73,Sathosa,Gampaha,225.44604405005964,319.9171505743699,312.99289754481345,1121.5286336047025,647.7637738118724,1207.4286099177361,557.5033035109018,4576.759680548394,Yes
74,Glomark,Gampaha,237.16557303212025,305.1232291686765,366.14794564484527,982.5235846504067,650.3826746300199,1179.849735368262,488.36093371392235,4572.476202444249,Yes
75,Arpico Supercentre,Colombo,232.86796988182698,NA,384.3577378294774,1116.7249600889058,499.6934898448803,1251.929611204795,360.7610472216313,4474.2515702189385,Yes
76,Spar,Galle,210.59713195692768,312.8180769881847,335.0376595820916,1121.8212564746539,697.4335478860744,1355.4134499329202,605.5544602131976,5024.2507749716515,Yes
77,Keells,Galle,199.86989043919965,296.56173257856483,306.47545356579064,1166.317109899361,572.0742628953057,1161.2754384537761,775.072303053733,4609.8644688376835,Yes
78,Laughs Super,Gampaha,215.11040288527767,299.51445440216116,332.2718403774522,1161.1061651186526,638.8977386396377,1035.1441188268868,448.4991723644308,4259.597656960109,No
79,Cargills Food City,Colombo,268.8097768913141,288.89552001742476,371.36151566986734,1105.5586080144767,726.1899895308516,1246.3206160119412,467.76414491547575,4666.953484715174,No
80,Laughs Super,Kandy,196.82501577104503,267.8918201763088,363.71324646336933,1175.731845329018,707.7666374095309,1311.1971254883363,235.09004567329407,4519.866798034529,No
81,Cargills Food City,Galle,207.35897355269617,311.3570694754254,326.939182849713,1201.7839159519378,551.1218937263657,1175.699217478418,635.1502903456121,4761.463552265069,No
82,Spar,Kandy,225.88062834598892,283.8793936065886,388.02930344411857,1101.397572762223,527.7741331498863,1143.5970015888272,591.1765322842002,4632.175065445317,Yes
83,Spar,Galle,218.13212128609473,295.9841626791853,383.70700164816,1120.9093539233875,671.5173299423964,1165.019247569784,326.6616137945086,4501.207973304647,Yes
84,Spar,Colombo,216.99692656403394,305.73947916907866,331.67484841808397,1011.6351323444712,607.1027905797,1268.0164293704988,293.51145379531135,4415.097684335855,No
85,Cargills Food City,Gampaha,250.3708149700151,258.2956471286912,331.41774992587585,1027.4513368779456,574.955927934896,1163.6431246972015,305.0768716834735,4220.58626992848,Yes
86,Laughs Super,Kandy,207.20110086943035,262.7730219264635,335.1793015655128,1058.090184299524,631.0609273469524,1226.3008240274276,564.5169125372818,4475.816345542223,No
87,Spar,Kandy,219.78579178442357,294.0052284678159,337.3166806152864,1077.8190847741473,591.8560211270279,1202.2242332591952,574.4991419614082,4474.591382283065,Yes
88,Sathosa,Gampaha,223.02861162704193,309.0912696459931,373.7634501982111,1045.1938487630966,635.0662068524372,1193.9696310061788,407.66660556312115,4504.77526073033,Yes
89,Glomark,Kandy,207.92894972386756,314.88076541298324,360.63322651191487,1098.200229401138,603.3490903909367,1256.1033861401786,549.9260031382798,4546.593991165897,Yes
90,Cargills Food City,Galle,198.39020891789775,268.1737100824819,371.9269692337647,1079.314541616269,636.1193964164083,1161.7136080108644,515.8877120991152,4347.54268099234,No
91,Cargills Food City,Gampaha,224.03976481378808,312.7326296882563,366.8391285796675,1153.5447615669807,555.2733655431805,1165.5530751854176,463.27302931457814,4506.664336246704,No
92,Laughs Super,Galle,247.2049986381836,295.0986076336733,392.8631767048433,1076.2613177258147,671.2231006566317,1263.8082279999803,597.01968266853,4932.997599057354,No
93,Cargills Food City,Galle,226.06874342676286,282.3368550980705,323.5153614047715,985.6641025892253,634.8811685366219,1121.0459740665078,379.50643987719616,4064.139530499975,No
94,Cargills Food City,Colombo,221.35108880472492,287.0289628788126,359.5089632595979,1106.287558626771,632.3148684701787,1129.5823847342137,614.7539213593896,4713.474922702504,Yes
95,Spar,Galle,221.24095653700718,316.0371466408033,295.65446859413254,1099.290098779433,544.1165036494003,1099.1748566925125,427.14784459856475,4342.590978684447,Yes
96,Laughs Super,Colombo,216.12373396273847,305.48011570171144,317.07611064757856,1056.8975059297752,684.9816208322123,1267.9208730621242,678.1536681967045,4791.8125174466795,Yes
97,Spar,Kandy,237.75223480211503,301.0061304551064,348.1286653516288,1104.749994174852,599.3141950316866,1191.5810425534985,399.46939765185334,4284.815438149168,Yes
98,Glomark,Kandy,212.41836589312206,304.869914776158,360.4551653188634,1046.2367705886832,636.4024431214921,1094.9107883136746,464.8427921399873,4260.085682817923,No
99,Glomark,Colombo,199.64821773372157,318.56195553232385,347.4546064492608,1116.491997681167,583.8587768126696,1268.3046849847256,505.85871375423534,4672.611062424689,Yes
100,Arpico,Galle,NA,298.05800865193356,335.82018952968303,1231.6462218464926,613.0444532341048,1155.556627073965,505.2318547822483,4669.22580707845,Yes
101,Glomark,Gampaha,221.18513521366086,301.08637772908475,340.26455306267405,1009.7197263546617,614.8563676059701,1130.2657536930492,549.0828500618095,4549.226939464751,Yes
102,Laughs Super,Gampaha,235.91038694770452,322.76341480275613,384.2360244106026,1074.187895649542,459.0034533998289,1184.3457152898438,371.4317581753323,4300.461808302922,No
103,Keells,Colombo,223.5622787743291,293.36826751473683,340.3991955529965,1066.1747439275432,629.1224062327416,1318.2978887574313,496.2687591753365,4497.897482296854,No
104,Spar,Kandy,215.23946822094035,312.3628119056136,393.7310405510882,1078.3370058256228,698.2670730861042,1168.4030242802744,513.8131706402721,4510.301941182089,No
105,Sathosa,Kandy,226.8766194484297,289.92591038653717,369.85042683852834,1150.9962289798486,626.9890129495978,1246.0271091292468,447.2261775971873,4696.458639829629,Yes
106,Sathosa,Gampaha,222.7931851584194,291.6826531717643,361.4384336537058,1127.1413279659512,552.114587555513,1258.1664016360762,540.4058617459418,4504.82938776931,No
107,Cargills Food City,Colombo,232.392857104814,297.91900486400726,320.1600772419751,1142.4383251303211,632.4980783076943,1235.4618638405125,365.3630086512219,4421.784575911375,Yes
108,Glomark,Gampaha,239.89755831155162,310.3054570597353,373.3809540349907,1101.52477523768,652.9740265086671,1301.685731973941,467.35461109493167,4709.400918706622,Yes
109,Sathosa,Galle,205.68414807140508,323.88363925102135,337.65573555628754,1033.895034002757,625.6233258095193,1143.4307196294176,424.6815875596334,4184.863958694007,Yes
110,Cargills Food City,Galle,184.90605154534902,301.9309052707755,320.1390060498575,1044.265731937001,596.2936446784978,1116.533212555973,467.6569070450981,4192.613568739435,No
111,Keells,Colombo,214.72694802069324,270.0032617735291,362.82109032698446,1137.3129853733296,587.8925387088034,1114.9626675180004,644.7035459921203,4560.4435254069995,No
112,Laughs Super,Colombo,204.70987799139894,312.62892587067876,315.3013484858365,1108.541594920665,587.6845122316597,1188.4425267760166,646.6455726157401,4548.8590565492705,Yes
113,Laughs Super,Galle,232.47937279861767,349.07684348291417,330.94396344676045,1163.010370303942,634.8888450505606,1124.2362673727578,627.0416460581221,4599.586086333278,Yes
114,Laughs Super,Kandy,209.1349930697935,302.173376621347,349.74710221327723,1114.66310516234,529.6438002470186,1211.8032729492263,453.7742719919149,4497.2783518946635,No
115,Sathosa,Colombo,191.86332042154086,265.8246472164084,405.46053560286816,1040.8492503333937,581.4063419572296,1206.1590735779914,590.7618276800207,4646.544499109769,No
116,Keells,Galle,211.3869782678848,303.393057789417,332.8271061051878,1073.9049092908422,679.7804911505475,1281.4858642548832,511.2362126925804,4572.40422277458,No
117,Sathosa,Galle,197.62038511811727,299.9397479363232,338.54458701748564,1128.2407074841465,681.7097633288588,1223.2915446588831,504.55897035030085,4732.36284770913,Yes
118,Glomark,Kandy,243.85236578516276,298.2578231327522,368.30862636054115,1135.5166248119313,526.0926456099169,1166.707851531084,492.2638652380831,4446.12196290473,Yes
119,Sathosa,Kandy,227.07462931672103,318.90819799954267,319.0426077905988,1142.7554316077344,543.4293194368196,1232.8679363546146,675.8417857379125,4729.90055007715,Yes
120,Keells,Kandy,229.7133716352057,327.56549572671446,361.0701595255229,1047.5737943397403,586.4689710236031,1117.5844784081648,636.5838605556464,4687.604941951826,No
121,Keells,Kandy,228.04039802357286,313.67171490402166,380.1481701904147,1039.9484916961537,644.6294758557176,1196.9487449580547,574.4896418447097,4728.090546442047,No
122,Glomark,Gampaha,232.6025673891764,297.3388383065786,342.3226278822225,1090.5098740126289,508.6262822973505,1225.5520986876465,482.9699034489374,4532.746699384185,No
123,Keells,Kandy,237.0001303760361,322.5135756873926,375.65385703492166,1172.0036758266726,597.2595682541261,1210.34540785201,503.9560758254562,4555.481509189171,Yes
124,Keells,Gampaha,211.90381961013108,270.1234071757152,357.28624808029514,1065.306583959599,576.2910421710178,1233.2052075948786,553.0566604537735,4376.316816373123,Yes
125,Laughs Super,Colombo,198.70057550512465,285.6788775853201,331.73295090490546,1122.7485945300486,666.2982337142616,1148.4763187429767,447.83910881459775,4585.793539409676,No
126,Glomark,Galle,207.29599394128505,287.9074444279654,345.05488285258735,1122.7530569469482,516.1545763015373,1292.1625122247613,593.8315715964504,4587.899931458303,Yes
127,Arpico Supercentre,Gampaha,219.3212556439102,299.3809870413613,340.50606650049394,1138.0386374835307,604.6270307746811,1345.7735159516565,407.87548885570936,4542.942766212818,No
128,Arpico Supercentre,Colombo,181.53487027808958,310.13469324973676,347.8090435545881,1183.2220126974105,580.3195281325703,1071.7859084113124,539.1843687997406,4542.57927975249,Yes
129,Keells,Colombo,237.14088824940748,295.9857410332543,353.8179474804957,1178.0953212383054,673.4899463138645,1102.75216032366,271.028445020737,4469.724706498816,No
130,Arpico Supercentre,Gampaha,191.54879169725618,281.8792841099545,364.70499837429645,1070.2697083080247,629.8826323176625,1203.4466406419508,444.938147339787,4559.280374862016,Yes
131,Arpico Supercentre,Colombo,228.98639988743713,319.4970056939226,362.7167062396784,995.1052279345663,570.7092170371133,1179.4759215557701,707.7677132919443,4561.8708044085,Yes
132,Keells,Colombo,217.47893816191706,295.2908655559061,289.2071607184463,1066.073533231763,642.6693221664541,1351.7129924618225,603.6191494391911,4859.854986693535,No
133,Arpico Supercentre,Gampaha,224.2776298697448,302.04257841742066,347.56729528069934,1103.7836147023618,580.5585573345713,1217.5827458739568,653.5468449934524,4532.451343467873,No
134,Sathosa,Colombo,212.92120388064788,311.02135490951815,312.2644521648309,1081.9177361157172,649.9664855619876,1311.4036202980765,433.2692332645618,4416.153631665996,No
135,Cargills Food City,Kandy,223.25809716839598,300.77755215845895,343.1068186883169,1198.3949471464068,588.1461504557211,1036.070089083712,510.3772836800436,4493.642538134711,No
136,Glomark,Kandy,212.92183713823195,300.8654338948858,346.905260304727,1100.9390152158226,652.7333289384381,1265.1335586665882,628.1992253094304,4620.60876724626,No
137,Cargills Food City,Galle,211.65728281297018,320.60946840871657,374.4037089521177,1132.6855940128096,621.8040977563625,1142.7586544593344,563.3094934705377,4567.984253639568,Yes
138,Keells,Colombo,206.54145502958042,303.0273894914075,349.2471133224975,1110.8607154823671,763.0245540345711,1141.4765944304274,550.8565877358319,4751.692568785833,No
139,Laughs Super,Galle,242.88744935876247,317.2559397158098,356.4804504585815,1082.668340825459,597.3551997291999,1180.1313578870302,663.0581970330063,4648.426475472566,No
140,Glomark,Kandy,225.5036412564546,310.8933488863678,369.8264095164357,1003.7594161018667,619.1431145810724,1086.0333088215127,395.95450343860716,4148.967629574583,No
141,Keells,Kandy,223.14245293948537,340.3377508837383,380.6938064954825,1096.0691180729257,576.0287629142034,1235.4228420257482,481.5761960554497,4517.469825626312,Yes
142,Laughs Super,Kandy,206.8665731795206,308.1882683573826,346.92465191607727,1262.7323646577063,600.1342670377389,1215.2571973373435,324.5914437330646,4506.102191511151,No
143,Cargills Food City,Colombo,216.4772749961604,312.75946540301544,352.3544860420102,1037.7770800081082,464.90824329252797,1221.2953798549815,390.48939480643986,4227.9562333516615,No
144,Keells,Colombo,205.19156188490612,322.03313427992737,350.2505825560563,1009.2563477812888,623.2792008270517,1270.9624817706324,607.4185392178971,4751.048631882113,No
145,Glomark,Kandy,212.63254706875813,301.2723551990034,336.4350258892231,1196.8194651284455,667.1437106474706,1321.1825636955323,408.26507338078767,4799.305273361944,Yes
146,Glomark,Galle,201.8631641565852,287.2429380654112,330.77211941394023,1137.1041484934667,619.8315002299678,1170.9031160729962,573.5524254125097,4565.61742453094,Yes
147,Spar,Galle,243.83716198303827,290.51708837753085,293.2028520893516,1109.3709940261717,534.3069271011311,1238.188051178918,665.8485041968081,4758.7789559528355,No
148,Sathosa,Gampaha,208.64640864232607,290.70986148995024,323.08347663689176,1168.133693118353,559.91064236455,1223.4390566667983,482.2061825008061,4380.148550660383,Yes
149,Arpico Supercentre,Kandy,206.87381765697825,280.99338063606564,305.5342291697549,1058.4249028521951,478.49039364218646,1230.2091605063151,551.9863439799813,4278.773975043576,No
150,Laughs Super,Galle,NA,NA,381.3799621113313,1094.6702619542675,648.9462003432711,1231.4078131572787,574.331212954292,4819.863811022515,Yes
151,Spar,Kandy,208.4319180762743,287.4096690390183,354.7104002074357,1147.757705845041,549.674335364521,1327.2402675651872,377.8504936933435,4466.747238896406,No
152,Arpico Supercentre,Galle,212.5765985865208,303.8970564240369,346.8515256763292,1205.5177183910198,598.5645704893885,1163.2258505208565,438.3547654698953,4689.460038010023,Yes
153,Arpico Supercentre,Gampaha,219.25780670825202,296.82651112578725,332.06287034797293,1041.5727842671695,592.313121383639,1077.9411277437055,399.6338788328198,4186.494684047938,No
154,Keells,Gampaha,210.3201668620377,299.1675701341497,350.7444815808656,1164.0367229280198,674.3863517829134,1144.170098510729,446.32768899169713,4646.674791768037,No
155,Arpico Supercentre,Kandy,195.9908348645855,311.1211329565771,328.80050305861664,1119.0919530420492,604.264065898287,1260.5813546828324,571.61106980811,4620.627384419904,Yes
156,Sathosa,Galle,197.28137734275643,289.16201751222906,354.3504639155151,1108.1530533714708,640.4446460053005,1201.8663606917742,440.4803269057708,4460.236375402142,No
157,Glomark,Colombo,230.1948950374513,312.7778209187355,356.14334957303384,1099.613538887263,627.3231882073832,1162.5920527604003,496.4846773068183,4502.088423398373,No
158,Spar,Gampaha,218.15816876263727,331.34615733277906,328.4654074410814,1030.7676689652699,667.9705709980699,1113.8802185272286,395.75383830687645,4403.139985427164,No
159,Arpico Supercentre,Kandy,229.73339861880325,306.8621816590352,327.9884508794398,1148.1544499106517,588.043815274852,1217.7028897384425,622.6422164533702,4724.477684847415,No
160,Keells,Kandy,231.70412746630004,284.3580862945506,374.05498386487795,1060.8865489836835,693.4807665252258,1251.5605020219048,445.4890009776663,4756.160278391988,Yes
161,Sathosa,Galle,222.26619943229093,287.69963977320407,348.6785011427175,1046.0154648748826,500.7168921800343,1224.4697644076823,652.2980551909955,4453.735294807072,No
162,Cargills Food City,Kandy,201.5240384873526,295.0347419842977,330.47448926837774,1144.272947945017,642.8736749000618,1179.7335735076042,506.09290938493604,4420.600134114741,Yes
163,Glomark,Gampaha,222.84377380240883,288.1021940586087,340.737342457762,1139.4567012573339,556.6690195667934,1211.731302743797,359.3000422036921,4330.799686267238,Yes
164,Glomark,Kandy,240.993949717791,280.176393807799,324.7351478323348,1103.9500041805532,575.3625223610024,1211.2674373245932,482.8973253454376,4511.942194517158,Yes
165,Spar,Kandy,213.28857963612793,303.08814553923384,348.32041048345206,1153.977181040582,628.4707133450518,1215.175754497413,393.72231725338355,4634.2517540305,Yes
166,Glomark,Colombo,225.1092287693254,295.57605336548403,370.7907076916117,1171.2968290739557,628.0701024923872,1105.2556039184703,558.9349377378153,4562.750054413728,No
167,Arpico Supercentre,Colombo,219.79333067099213,303.79441767116117,349.30823331014346,1165.411203891277,630.3214006845036,1215.7861080491903,473.86372176731334,4673.394759255205,No
168,Keells,Gampaha,240.5856669482087,323.72774824430576,409.0908360918846,1073.586051329901,530.692102794738,1164.7522825227045,516.3210255027354,4463.243678394756,Yes
169,Glomark,Galle,209.83320860509923,295.2729433215128,360.53398920122504,1150.7052465639856,672.4515115639621,1283.2494884807807,463.0646889953437,4742.808291011714,No
170,Glomark,Colombo,237.30297808011804,276.2915999063938,355.7488611960553,1110.5820488754325,554.9676440886162,1210.633491340022,444.4657696136675,4570.3793263553625,Yes
171,Cargills Food City,Galle,214.37484057445278,292.02215015492897,327.29244672585486,1186.2953885176187,561.63564548874,1266.8383377458313,402.63779903843727,4414.800435474839,No
172,Cargills Food City,Gampaha,209.5878106973876,315.40850434233283,344.03666382893334,1093.8135831866414,631.8948369083414,1175.8574890360198,583.622293682153,4582.118206961871,No
173,Laughs Super,Colombo,221.64790109564873,313.5354054143391,330.5246539241577,1082.1764181315834,585.663941261938,1178.7428929910834,482.6846898200302,4612.213305807762,No
174,Sathosa,Galle,225.1368537701127,310.3727929522713,295.8588692898969,1069.3101561578562,615.4130420281247,1319.5400997005065,468.5309106301616,4689.318841829025,Yes
175,Arpico Supercentre,Colombo,248.67294409764142,287.50586553675794,374.3565555532202,1109.4643947117777,492.1699651683606,1234.9068150732408,480.178610155784,4502.750393091083,Yes
176,Glomark,Gampaha,224.7930636830307,315.038052360654,337.2137361112442,1123.3362733796052,614.2162224759616,1142.838837407541,432.11382065142254,4446.495976637948,No
177,Glomark,Gampaha,222.89917092774078,319.53798156074134,330.98999814166734,1124.2981141463636,610.8915939756107,1271.757955089638,468.8648573223975,4535.248086439283,Yes
178,Keells,Colombo,243.9421441585245,286.0915674022005,355.26425084896164,1117.4586270155928,574.5070731117859,1157.3356213257703,520.5629814693488,4516.330313838473,Yes
179,Laughs Super,Galle,229.01580916317306,299.1685980491495,362.8124888055379,1133.5518506339904,496.29620201176056,1218.0558510249218,396.5863000943235,4498.808333331412,No
180,Sathosa,Kandy,210.3358722974808,340.40803927364226,341.980629177343,1088.87290820428,589.3595869259198,1346.9339704687525,411.0648006920792,4652.822138227432,Yes
181,Laughs Super,Kandy,240.33955577962288,285.20251447073224,349.9349583097745,1056.3742342204064,598.1313070100693,1085.4974089889556,637.8284093622674,4437.066291743055,No
182,Spar,Colombo,208.9057184585597,265.8982666151255,368.6546851828601,1052.0086001543177,581.6385504834752,1185.937446258677,463.72434672004437,4275.814548931929,No
183,Sathosa,Galle,210.26129082499435,327.658088689296,340.9951601347513,1148.7525547651735,508.19127677837514,1232.6617312721623,444.84391910759905,4387.024910643501,No
184,Glomark,Kandy,207.2721895091813,322.7320954340912,357.55834354408336,1123.5161155264145,679.7367003658458,1261.175866773174,365.61283944407245,4462.592476211654,Yes
185,Glomark,Gampaha,205.95632457583065,290.8606535284515,308.51888454027124,1007.2081114524838,568.0569236027814,1100.7012874111301,585.0677637474239,4178.810184011439,No
186,Sathosa,Galle,224.99759942259737,297.74016436263827,318.9670250393063,1154.837671339997,588.8897668538549,1077.1367785139985,394.40741864891567,4274.149998923571,No
187,Glomark,Kandy,216.13146753184685,275.50129899622095,365.1384944520101,1194.0217573201328,479.5262839390855,1287.259948159234,498.4707339038542,4441.491524451201,Yes
188,Arpico Supercentre,Galle,167.82746179545165,301.77904545219405,317.6610340208175,1064.2041574620735,679.7427674349103,1142.366811455693,329.18149306834096,4137.868040973995,Yes
189,Sathosa,Colombo,215.9760540707573,323.318274307428,355.8534386778324,1116.808002313802,576.6725034132971,1139.0173993602148,581.8172800364116,4584.346247221298,Yes
190,Laughs Super,Galle,212.23131616291548,289.1479031648344,346.3250304450732,1076.327095318382,604.9231408537102,1324.0199738217734,617.6856243618581,4618.942678035538,Yes
191,Sathosa,Kandy,233.39238046448284,317.5420395757259,340.88831843699427,1131.4153462735583,656.0368722408326,1205.5761851785458,548.4520345478015,4544.625110322653,No
192,Glomark,Colombo,211.55112082809455,309.2744771478086,329.2884307758068,1041.6995555462388,566.1847897641687,1206.099058214526,346.55198685947033,4192.697240079206,Yes
193,Arpico Supercentre,Galle,258.0888668681634,311.55633781762276,372.7335004526344,1096.427717145061,648.1622493693272,1185.6160443878773,583.8762143909231,4624.137625459179,Yes
194,Arpico Supercentre,Gampaha,240.95190368155363,290.31381638827264,393.24727886299587,1149.065706399939,496.9337272029429,1102.0814346605464,417.26510003596474,4340.258190095266,Yes
195,Spar,Kandy,214.15134413485333,292.9075163413301,357.50480406500486,1161.785586964942,627.5493328785657,1254.055755951551,382.9028121278388,4411.813698478229,Yes
196,Laughs Super,Colombo,237.24434618249623,263.06455131057197,358.06226789182045,1121.3247909459844,678.6121083259826,1232.7560417540499,461.6538954242347,4701.552061135962,No
197,Cargills Food City,Galle,227.8781756903642,288.6666117497979,332.94173425356263,1083.047734839513,570.9791576390985,1213.4953060271546,459.6632326653511,4563.008601791798,Yes
198,Cargills Food City,Gampaha,223.50198694720365,323.26970916062515,320.0975692043905,1020.3699457828195,655.9440810149199,1190.6941568578993,449.49513488197107,4515.845341494664,No
199,Sathosa,Kandy,232.03978383411143,281.41335611795455,349.00652737984564,1062.122514438036,691.6961326096891,1176.614428052937,627.3674247904694,4697.084100923092,Yes
200,Spar,Gampaha,NA,284.3939669228619,325.6562588010481,1076.536329762261,587.257908097299,1272.9986711637932,701.1825996442626,4865.908256050664,No
201,Keells,Galle,223.60526734116218,312.8037964741425,305.6847467921045,1065.1133108349193,583.123585707507,1188.6965549435124,363.0863462650535,4347.671003694626,No
202,Sathosa,Galle,232.35028774418447,308.05536583986185,370.08614530913957,1102.9776484156807,555.0853127083848,1194.8751169172888,431.11676056754095,4281.978144267748,Yes
203,Spar,Colombo,250.78679112618235,313.797264995926,371.30416970629585,1082.9056131914358,574.5134922407433,1242.391452390702,514.2748336044957,4574.115630992049,No
204,Laughs Super,Gampaha,223.7679245832951,276.7355891981919,328.5290306761726,1108.606068616772,559.232005486369,1216.6368744544309,461.12835090627726,4542.321704857276,Yes
205,Laughs Super,Colombo,213.19305002541765,351.2811589860069,356.09910803198113,1160.1313650523832,555.0444450786387,1331.3820846032352,539.9398749278516,4721.91734514853,No
206,Laughs Super,Kandy,189.56153717359018,275.684932516655,375.04880669479417,1079.6768889385319,659.9417648355678,1059.0906578021356,591.5985355945795,4327.133699876063,No
207,Laughs Super,Colombo,249.41955207945455,303.0849462746814,355.125667176547,1030.8566511372887,560.503698735587,1223.992595069381,574.9365942270041,4640.4397125363175,No
208,Laughs Super,Kandy,216.0513743114206,296.82689008262827,320.1711338475317,1064.9146200937562,612.9260957359811,1143.5515375622265,560.9733567849833,4570.197241537014,Yes
209,Spar,Galle,228.022139351219,276.26716965269907,344.17766466907256,1129.1794234986635,601.9116717608118,1124.6330772196056,665.9095520919723,4513.647561716313,No
210,Spar,Galle,248.58860855390492,292.595811543735,383.1702355010498,1133.8971892476336,674.9047281285561,1163.4348635164522,341.10527170838907,4504.617526736095,Yes
211,Arpico Supercentre,Gampaha,223.4140348139574,300.4661520177174,356.17566609012783,1120.3042598508116,574.8421883972493,1204.3743526785408,648.0108791954615,4584.131244392538,No
212,Cargills Food City,Kandy,217.0799460718378,287.0005357627306,363.47830257957014,1165.0368652944007,619.057402332716,1207.9255260738728,458.7008365910256,4653.113417888796,No
213,Glomark,Galle,241.29509466315616,318.744472430697,358.5407304842279,1090.6818465061508,639.5534851138054,1078.6155027457205,578.5125220675627,4485.605003828777,No
214,Laughs Super,Gampaha,226.9110560134588,296.7674850907506,328.6122160505437,1202.6083074004662,674.4874803660291,1156.7132936257744,397.0333771720557,4477.147199614555,No
215,Keells,Gampaha,228.791584070851,273.1745065796343,334.47886951793396,1140.9093568052954,574.1123327477367,1222.4977241181168,409.1503608106722,4549.545831600198,No
216,Glomark,Colombo,197.1525869429236,271.47748934661405,358.47162892629353,973.8256264896062,569.105376563381,1129.8455639373076,566.2117291482027,4302.353365679821,No
217,Spar,Gampaha,238.08872810863878,312.1233018122291,370.4217945005102,1190.0329314981784,546.9109473019973,1110.8172876226788,307.1269977250154,4375.400347771201,Yes
218,Keells,Galle,225.6338210198747,270.2645843459933,377.49762377294707,1061.6506694932139,711.814981042412,1019.5094154005644,598.9442078288313,4487.921443419725,Yes
219,Keells,Colombo,199.42615930415315,306.3285214609817,328.54736138079517,1048.2949405271534,669.2236219090194,1146.9445241299713,625.9963502341589,4514.361394641429,Yes
220,Keells,Kandy,227.27641167419912,308.8931037133392,360.82801336692984,1126.1885554916446,597.8899302843978,1108.029664083935,517.7784853828961,4544.32847685691,No
221,Arpico Supercentre,Kandy,189.06211489132374,280.09289272151966,379.6761027929744,1013.0909763831728,696.5719575563528,1121.2853693511954,514.1761035578558,4329.791889775202,Yes
222,Spar,Galle,255.12962803769494,317.81476167549783,325.3229557427994,1065.2265384339194,594.9068302817171,1178.2543757376277,416.6363855091548,4360.291467918166,No
223,Keells,Galle,203.4721780002736,265.6441275247673,387.16867839499434,1177.8549270312103,636.2205235716765,1152.0136898765682,567.4449402403668,4551.026227687259,Yes
224,Laughs Super,Colombo,244.17689148577654,305.9291786799712,390.97352068360476,1127.8108789498751,600.5085950861361,1106.7009684912555,534.7665246407425,4637.042229515442,Yes
225,Sathosa,Colombo,207.8056667782202,NA,415.62715849054155,1140.611989046961,619.8902725875236,1030.7326747813418,407.8494603976177,4515.473714989188,No
226,Keells,Galle,228.4033856645608,297.6200404853821,355.77333602074987,1067.1544699751264,614.5880721266774,1224.1849044118114,460.8520049911808,4671.908075482221,No
227,Arpico Supercentre,Galle,206.3180761508575,276.44206714038853,355.9106169065612,1023.0815000515948,578.7507313311675,1260.2261771046778,484.06645753041965,4419.236852893765,Yes
228,Glomark,Kandy,234.9567283284673,281.25955991200146,370.6748597279329,1135.3408714656866,654.6249269042677,1168.26040168045,460.7197803480813,4478.94224915323,Yes
229,Spar,Kandy,216.4702188713912,332.37604050041193,369.9450668262354,1146.5128078120974,635.7976208841951,1178.7379442836577,363.7088586650025,4478.752963885045,Yes
230,Arpico Supercentre,Kandy,227.01669319311566,324.30310017743506,378.15917152489016,1144.2496693040555,651.3847296750739,1200.22484125489,569.9020308583895,4889.839404098497,Yes
231,Keells,Galle,220.2259657236849,314.84169177047596,369.6008295116276,1110.4534615058933,616.0113592749673,1326.3026861289802,475.64895440981053,4594.805901120638,No
232,Spar,Gampaha,199.51502820274516,318.79696207059374,347.348452274049,1051.6465878263964,554.6715059111433,1074.5833764939384,501.53647758933096,4437.394508170181,Yes
233,Sathosa,Galle,227.56160289535802,316.92027089342537,380.54992802433753,1221.8884794029866,685.4693033278851,1166.8408219301944,442.17334126025736,4651.700935230111,No
234,Keells,Galle,212.45143771501378,293.53287575427584,323.2186462576819,1123.9893721492087,586.8721883216288,1062.2421628693824,547.527147397199,4560.104217168277,No
235,Arpico Supercentre,Kandy,235.67969189511416,300.952071036287,350.1463084181344,1091.3056679205415,618.2033514284208,1228.9854766988446,519.8696184381404,4723.555017923423,Yes
236,Cargills Food City,Galle,216.46210287773985,270.5498324391798,389.09339040124496,1091.5275381258316,631.7690679411135,1188.483328496959,621.2784389130418,4782.556560971131,No
237,Laughs Super,Colombo,218.84854136457503,298.2060874638495,318.74383754699204,1107.4798739036778,617.8710858108809,1216.2393690348863,548.0598712938985,4521.96406752481,Yes
238,Glomark,Galle,245.24389696559405,323.6682849907837,333.06310857507094,1153.480413107899,645.7708510615137,1212.249805007286,479.7315598162889,4484.156887278204,No
239,Arpico Supercentre,Galle,255.72455191761927,286.78585503485726,366.79368227693226,1109.4814061652726,653.668896115825,1279.2566602962813,426.02831824974396,4599.124419822602,No
240,Spar,Galle,231.79050933568124,320.46282409374453,359.8477993309038,1142.9256576723749,588.7583248476376,1243.0506371654774,586.5952683916645,4670.909512984515,Yes
241,Keells,Galle,215.69289853864922,301.83171477387526,328.1243648085939,1107.5698843946604,681.2733670977823,1266.4406366128069,471.7423901213542,4473.21075304447,No
242,Laughs Super,Gampaha,214.38008007465783,272.2925626866054,339.5951499317465,1094.382305426481,586.6548222919367,1114.7572248082445,482.8282433403779,4352.945715062721,No
243,Keells,Galle,207.7198452202213,277.85360973307377,320.4804484337415,1132.0625196664193,616.8374524440394,1295.4536691980115,482.80283937073256,4559.5881487998995,Yes
244,Spar,Colombo,210.62142724669664,318.3860573941551,374.5121249880143,1130.16430168369,580.6160908197885,1142.21098084088,459.83922893428706,4514.718199924004,No
245,Keells,Colombo,215.89585384744046,311.0504817051677,343.6029660582367,1091.5182940452423,566.3263238674605,1146.8104365900815,484.5461005770131,4449.6638728194,No
246,Cargills Food City,Galle,249.4637945049235,302.0352814597525,394.8038977690158,1062.539652114287,652.2095544395432,1221.6674061882395,692.6207562732577,4711.043705961544,Yes
247,Laughs Super,Kandy,217.04167493719714,294.5193637150411,352.02750610100054,1117.0864457370217,756.0948448713021,1224.1534610439421,395.2177945872308,4783.727893609897,Yes
248,Laughs Super,Gampaha,201.60920493702847,304.2113595525717,344.50649241492806,1103.9174334481297,581.9120055839842,1114.2514558214018,418.549578923839,4211.185965099273,No
249,Spar,Galle,220.62497900688075,317.605924985065,342.0794559677051,1072.256414361462,660.766078733904,1186.1376566580882,638.4324418154249,4684.747643258483,No
250,Glomark,Galle,NA,329.5170656097457,343.8950041201893,1057.8799758731602,583.7044343649903,1319.058825349558,462.5195615504928,4574.295739856239,No
251,Cargills Food City,Galle,220.53453189775684,330.47368398881207,352.7705273783451,1120.5237921947228,599.4757511571997,1082.5330750772723,454.9378715925105,4515.142773274042,Yes
252,Arpico Supercentre,Kandy,231.99536833877812,307.43919801516995,412.81018941445797,1127.5047528513846,687.8791886115836,1318.817539281018,603.4863856773434,4820.96168421841,No
253,Keells,Kandy,221.0350826703855,296.5613661927096,341.528508247516,1081.998394267257,546.3232357462347,1180.6641238866807,357.9804382718249,4244.673847365228,No
254,Sathosa,Kandy,231.53091238220992,302.9249601563771,342.3411634807173,1071.0031482043537,533.0920465688439,1012.9796133251878,582.1454429253406,4362.480489650037,No
255,Keells,Gampaha,208.29484968913428,310.4424071451016,351.6398461420795,1058.4872405481406,595.6400675618426,1090.6614613213676,504.56164293215437,4273.03266840539,No
256,Keells,Colombo,246.71094157217834,310.3613388769018,377.2568626586065,1119.112746957246,633.1828013968836,1122.9217969811846,546.4802130831978,4661.808589266766,No
257,Arpico Supercentre,Gampaha,223.78719682515379,326.1597327428021,314.47538597318055,1059.8011463179632,623.1833285840441,1150.0856559373806,544.6030955252126,4640.39941191061,No
258,Keells,Kandy,226.00328455610557,342.3151144383331,361.37731842274115,1212.0567284510366,618.0339587846498,1191.622939309973,437.20174135173625,4826.600837282202,Yes
259,Cargills Food City,Colombo,208.23232159280047,295.8949074077183,329.564370599471,1079.4859282014502,601.7065990755789,983.7215896190742,605.1183780149906,4196.452197658804,Yes
260,Cargills Food City,Colombo,227.07740486899593,343.1176981764892,363.8318172237737,978.73928610637,639.327001349196,1214.9443513982123,444.9862288521931,4375.648521457416,No
261,Laughs Super,Kandy,229.76597585005456,323.4447849351679,337.6560014409886,1098.4914166685433,454.3163778977514,1115.5927593340093,540.8849018998742,4283.939775113533,No
262,Spar,Kandy,202.45347349262366,297.98354019629585,292.3974415060678,1096.34832600906,562.459734745613,1311.2418057280847,623.7724485529136,4614.456242490685,Yes
263,Glomark,Gampaha,195.11362617418516,329.9712967773016,359.23944006718716,1155.5859283762095,595.3193795358276,1178.3858623404822,637.890169984647,4626.808546812408,Yes
264,Sathosa,Kandy,224.40499035414197,333.7129660283833,359.0286192586717,1114.4063118363852,635.2267399551255,1275.4276937386185,473.28736640593075,4575.68459404438,Yes
265,Keells,Colombo,212.668452648167,290.79409111612307,335.5229922880143,1058.30824082801,674.4882570034283,1288.8279183931434,546.313527424101,4831.593608558086,No
266,Keells,Galle,223.89882203703593,334.64430504971295,334.04140349642495,1085.6804063251611,555.745014591643,1286.6618594772974,464.05112097963803,4685.266236587145,No
267,Arpico Supercentre,Kandy,200.6344589365283,321.50165642071926,317.21568187280866,1116.3709885825494,672.8539312768283,1154.6874605630012,750.3796227268774,4641.360457253868,No
268,Spar,Kandy,196.59241128425992,347.3711825595839,369.3274985384718,991.7642874844795,577.3719165399318,1153.6639873822942,578.0126005873818,4412.609423697714,No
269,Cargills Food City,Gampaha,223.10034194501617,291.51922836001,372.0553945616702,1166.9310867195225,593.5045108509656,1182.002136056935,508.4058435836936,4564.856062029458,Yes
270,Sathosa,Gampaha,214.75324358564723,292.93146512528006,328.0237278706028,1058.4415057097667,629.0716259398807,1250.898990030314,531.2562173457743,4473.8081212460775,Yes
271,Laughs Super,Kandy,188.33950718274733,259.4667574051332,336.5016385115287,1170.8521910473808,589.8381960346613,1159.144378419667,540.7105415446067,4543.308125192952,Yes
272,Cargills Food City,Colombo,240.14648227161595,311.4238784113592,348.4177719715259,1119.6232570563295,655.5058803333159,1190.4590021127801,543.6743540783482,4723.323575413591,Yes
273,Spar,Colombo,200.38514397724364,307.50502511237437,406.77163202588866,1131.4797068196988,579.7697927443428,1221.887505307156,476.0001782353443,4704.467709388389,No
274,Glomark,Galle,258.59987428165647,288.74012656928664,363.6280436897233,1157.4711718000635,580.5232504359833,1127.6086459161706,460.5672700764825,4573.014399519895,No
275,Laughs Super,Kandy,210.63974906667133,298.36298537023885,326.4146121247905,1128.656602634625,652.5989977104666,1122.5513369336707,484.81466382735067,4491.867795826763,Yes
276,Glomark,Gampaha,226.02340852189,273.7755797964977,357.59450773726263,1133.6443108158726,561.8437805866171,1187.3388894876807,386.03082949527925,4424.525393671394,Yes
277,Arpico Supercentre,Colombo,244.70423515580777,323.96889905663375,315.58271148404793,1091.779177976931,612.446454765833,1197.9343051961314,571.827440697446,4540.936868875734,Yes
278,Arpico Supercentre,Galle,242.19150891743237,290.2060105094338,367.9497577479043,1118.6084340736047,516.9758666153087,1234.7108384001315,419.82949573510274,4473.096174742522,Yes
279,Keells,Kandy,249.79204609340323,361.880980312419,391.8886848386121,1070.6251092514128,690.9819676030595,1253.7509259961246,394.00499210152833,4673.897043474941,Yes
280,Glomark,Colombo,197.1538564167947,296.4879739857793,391.99479212709895,1082.8294450206017,660.3275968118387,1112.074974354268,498.56455334358515,4369.446252758653,No
281,Spar,Kandy,202.9620175373913,284.8076231790338,368.37233758685846,1198.2347523984454,737.5053599790376,1135.0332054445148,486.9877370310113,4587.82644726616,No
282,Sathosa,Kandy,223.38995911141043,291.75373762530273,335.4146911032968,1059.590320747479,666.9181865723192,1122.339816994952,524.9634475788988,4407.435251649773,Yes
283,Laughs Super,Colombo,232.59621156846572,271.760780469115,317.47745608714683,1107.715856331814,543.5174885199759,1312.9957921273137,443.179463060359,4626.55829399217,Yes
284,Cargills Food City,Colombo,219.83158834930543,309.6454378140588,314.99487391577225,1105.673451835774,633.4324930080296,1190.3783527837973,460.74574417690263,4397.445480656631,Yes
285,Spar,Colombo,195.43008946429916,291.60200600441755,279.8445722625364,1084.46227641096,554.0995618889098,1201.2903436196016,569.2119505088491,4356.088849361329,No
286,Spar,Kandy,227.448672384472,322.62505580795477,367.346394075198,1125.7200468285218,678.901875352655,1204.6219491210811,563.1217200495194,4712.24709961514,No
287,Arpico Supercentre,Kandy,217.08622917648947,294.50505009651164,347.42911199439004,1129.486104637069,544.9429856011214,1142.746398902589,558.9525046176678,4544.73527173131,No
288,Glomark,Galle,216.906415615662,327.68884223371293,372.7304041613282,1053.709040842621,542.5422557880102,1325.1415615156825,503.39676123514823,4470.029965484051,Yes
289,Keells,Gampaha,185.83074373284165,315.1491149863408,385.7007871308697,1105.0678355773275,519.5094273151656,1232.8821323854982,516.8922623332274,4671.436258823953,No
290,Keells,Kandy,231.96226306717472,300.5719355343669,352.49763859756024,1045.8816330613822,575.5810089368499,1203.1672423822358,523.0438887710503,4610.456375313885,Yes
291,Laughs Super,Gampaha,222.17806090428186,331.6046517470164,353.64904024282873,1139.427430915865,565.5261087608214,1111.5794863079548,434.39582601910234,4433.549623276969,No
292,Arpico Supercentre,Colombo,246.92746834958444,319.0458692207442,338.39199138756334,1108.8243655181313,536.9175447080368,1107.0454006675004,647.40466001461,4622.763215672319,No
293,Spar,Kandy,218.88238530203242,358.9242565332645,341.3478895706898,1104.1164943358544,699.4904552121761,1175.2873974715385,633.1588032487699,4627.87119973038,No
294,Sathosa,Galle,228.49510195778532,291.8108951004359,368.21174781182333,1132.9515674436202,626.4940348193322,1144.0006565142537,579.4245591000968,4577.3490791511895,Yes
295,Arpico Supercentre,Galle,232.47727264157894,301.53232210916923,345.6406242408672,1086.22448547658,620.6117269928357,1114.604452356276,457.4138413598402,4506.375365987983,Yes
296,Laughs Super,Gampaha,193.80757662008213,331.3741802202186,342.02480833117943,1145.7010979609101,679.4582209623964,1170.3233584342756,553.914411795015,4532.312654226507,No
297,Laughs Super,Colombo,259.2504991990239,269.1292437632977,349.54207851392874,1052.5777563621932,612.8128896021467,1182.685757737929,597.8369937769771,4507.966203267301,Yes
298,Arpico Supercentre,Gampaha,213.53811418116075,326.33887126465123,372.15825490153975,1170.5938259447264,562.565989924743,1211.3428336368215,377.6803098278857,4517.164522295081,Yes
299,Laughs Super,Colombo,227.41849903213728,308.78605515362943,332.68346105424746,1072.4544408722572,514.9895128741172,1159.686442290059,669.4511761698498,4459.086997757531,Yes
300,Arpico Supercentre,Galle,NA,NA,348.3367870611992,1015.1910466152206,559.7471303828298,1119.3919444271976,326.0612388844205,4248.133667110871,Yes
301,Cargills Food City,Gampaha,207.77823808014554,272.73920682897756,356.13194594446077,1083.5732545768633,675.2707800254232,1122.1663291207003,570.4605819709075,4418.842357680984,Yes
302,Arpico Supercentre,Galle,247.70470497171405,286.5502105373943,379.00554758963096,1077.9015901372895,537.233194215692,1297.0378183380951,645.3282306252469,4845.373309008472,Yes
303,Glomark,Galle,223.98932904031648,254.30360855348857,344.0175805800145,1083.1963006924982,617.6563618998939,1099.8593850910606,488.69365359729693,4361.033813856646,Yes
304,Arpico Supercentre,Colombo,216.79791044639,290.2092111261699,332.0544153487069,1111.5824007741992,651.6962571542779,1229.0545838633016,484.95356001769267,4661.7704253220745,No
305,Laughs Super,Gampaha,222.07761943582662,312.4511266668516,337.8909763931911,1154.8921180444136,614.2672420221626,1241.5637063819518,566.7660792646923,4649.5194371686,Yes
306,Glomark,Gampaha,231.46378297913535,290.47398718062345,376.32643582538446,1090.4147043051432,619.9491664395292,1190.2979619331466,685.1881891933872,4758.358924078402,Yes
307,Laughs Super,Galle,220.1619724721455,327.76625402867614,400.8326324650866,1065.419121509055,632.7801956436713,1341.4263246724142,471.8932362058634,4855.223359601887,No
308,Keells,Galle,233.22894865574858,333.19895205450575,317.15605465784915,1043.6726593858102,618.9640435911325,1240.137519442216,421.90448081340554,4449.60756542534,No
309,Keells,Colombo,194.7269179154839,325.51288965251547,322.6174596232536,1076.5908604345477,680.4537086236642,1347.4322438643721,457.6224544392008,4619.819693750512,No
310,Glomark,Kandy,208.78045015260264,304.6128182052873,345.78008033244635,1005.6087580374824,547.9854135886195,1147.9148798468102,344.74860077137794,4151.05305029648,No
311,Cargills Food City,Kandy,187.91799527786026,253.50641455027062,352.7739024017011,1063.743345324182,612.0212438419393,1149.2843672085264,589.7757898715156,4534.7552291512675,Yes
312,Keells,Galle,249.9551223526442,285.9260501593479,369.6742391388749,1162.2026947931092,509.08797830014265,1242.2029726944013,448.591694728614,4504.431087963838,No
313,Arpico Supercentre,Kandy,249.759881915274,297.15922946451224,327.72167478496283,1058.8320397710788,496.3126906406731,1179.0827490144638,479.16608459344445,4476.847943186406,No
314,Laughs Super,Kandy,229.39924101299476,282.1226470099038,323.4222740837634,1131.4357930400151,595.9164484574007,1334.8532339913613,590.9621131419007,4683.773971249313,Yes
315,Keells,Kandy,204.81072893630454,297.2098904902686,353.4521788283407,1038.6758955095754,627.1689784472378,1227.336030690475,462.3089675590151,4455.354683609726,Yes
316,Keells,Kandy,255.84817408327484,332.2013493738676,343.5399819948208,1188.5547949655277,681.5333888618783,1116.4340624114627,575.9090395388397,4856.033098137244,Yes
317,Cargills Food City,Galle,210.9337828280243,267.0844694096936,373.1680249442881,1191.8803366532354,720.9895866505233,1061.054687316478,396.1911496183713,4538.4471392361675,No
318,Glomark,Kandy,216.80189309642253,336.2338411223805,362.1839950797596,1129.5510778279938,665.993033533274,1193.7409126125388,595.8719428323998,4901.321035314671,Yes
319,Glomark,Kandy,222.39300108596083,317.69452843508276,363.88448369083045,1199.5626300821762,636.3582872199014,1192.8701496373412,534.190502126547,4912.508681162671,No
320,Spar,Colombo,226.77273913028455,305.36433616555394,347.3879663405783,1117.7896487463831,607.9982427886907,1225.101273864671,491.1420969180332,4555.5628141692605,Yes
321,Cargills Food City,Galle,229.65703902556479,285.7276688851847,408.88950646420517,1138.4258557074777,523.4385968408311,1296.8552459004723,513.0893487943796,4523.095208620841,Yes
322,Arpico Supercentre,Gampaha,230.25942456211678,282.5209930901715,329.056300460156,1163.0966938365768,592.69816971291,1286.3290643195141,371.3238705347263,4350.744464979163,No
323,Glomark,Gampaha,217.83213871969144,267.4756457082252,365.27024584386936,1108.9859226549224,664.5188375629112,1153.6879174130854,510.800074394697,4623.723242903171,Yes
324,Laughs Super,Colombo,230.02151427635067,334.33530960628775,318.25775032317233,1022.381126920747,644.914092801402,1096.4944478556463,485.8330214643396,4503.812557406506,Yes
325,Cargills Food City,Colombo,217.16188510756484,330.7522312014808,323.1633080565137,1139.4481677617198,535.6832926658526,1101.2703091992744,374.05673895624363,4172.974939225983,Yes
326,Keells,Galle,228.6895515530833,271.87430742833436,334.8163600308636,1076.4070202783269,630.7012823629241,1141.0558635742898,432.8924573093456,4250.94488642121,Yes
327,Laughs Super,Gampaha,227.45937666746164,288.947440101876,390.73308341545066,1080.123508952227,626.419640593386,1170.6614761568785,487.07547420474816,4378.1047258579,Yes
328,Laughs Super,Kandy,231.44270936197182,308.66289538463815,356.5973607613505,1114.8947458239345,617.4945060057369,1224.4049711172133,439.27078150521584,4661.157149450478,No
329,Keells,Colombo,229.56950048531448,294.0098172365558,335.2380482863906,1128.3140439858685,598.6072222311333,1135.9225922483215,258.78860949495834,4159.2140459236125,No
330,Cargills Food City,Gampaha,213.36351437633053,261.62650485936365,359.3609081488643,1107.5067317003109,633.2791983472097,1222.4313576890652,607.6387539608866,4634.875744579188,Yes
331,Keells,Galle,226.8806525733852,286.84454478888625,350.87869703561273,1131.7864768078655,634.8656519456199,1228.9632116687242,485.7910124910335,4607.727051023191,No
332,Spar,Kandy,229.8009960687233,339.0206859604004,337.700665771522,1064.6571432969902,567.9270617284297,1211.467510607671,272.6049790763455,4373.824276083418,No
333,Laughs Super,Galle,200.6331341657694,288.2004281917111,315.0842786052943,1097.8648102638358,622.7507030691048,1109.7101602389844,713.4962939679394,4661.066885159004,No
334,Sathosa,Colombo,215.88933464153456,296.7306532659559,385.96356211280727,1142.4542725225435,590.5302429626392,1237.4261380188766,624.1392331313189,4804.0815017182595,Yes
335,Sathosa,Gampaha,229.121708368275,277.0964515192924,355.24545321775105,1188.6395588218359,525.6383066126878,1366.5015703013378,465.10179489316647,4557.431542523327,Yes
336,Arpico Supercentre,Gampaha,245.63938742094433,311.755259705675,404.34345933670596,1206.3217794486604,571.9196482480918,1219.6717461530325,415.7502508633299,4642.542508837686,Yes
337,Glomark,Gampaha,232.373502791931,302.3030359804917,373.508040513522,1121.6488341363865,521.8155157327287,963.7539919478984,540.3191210760522,4368.947407816825,No
338,Keells,Gampaha,246.58566980466392,285.1596051688604,363.78299311902606,1142.0004913372804,649.0046767535052,1299.2703657637521,520.2326814884141,4947.001136851096,No
339,Keells,Kandy,214.02439914734578,273.9068920838515,339.1198917845758,1199.0789582407594,617.794468877716,1143.7801778640492,554.2089924800373,4498.711162443801,Yes
340,Arpico Supercentre,Kandy,223.75285738371466,328.0908674802175,322.61636090357706,1066.4581981633253,582.2254694397027,1381.2570152396554,416.03797267449517,4410.146033895454,Yes
341,Arpico Supercentre,Galle,232.08602949289178,267.8891318671784,344.55672538778884,1131.4849926356292,671.0260671644324,1209.309076109277,609.7772020971634,4582.356283910251,No
342,Arpico Supercentre,Kandy,185.10472429750334,310.0763139117911,321.8926851448542,1138.4171474743073,603.3995453790583,1065.223944481134,452.65378768244506,4280.884580021767,No
343,Laughs Super,Colombo,242.66204827171788,256.92241510576855,366.2547595182689,1172.3930718038373,528.4388622016563,1034.8242008032998,568.0765748655567,4526.66896583449,Yes
344,Spar,Colombo,192.0863517871803,314.14423366024766,390.8163124424283,1043.1429309731889,578.0260729908094,1323.1792610140703,420.3060739542976,4349.370255055084,No
345,Keells,Gampaha,234.95410102417605,319.4059777452012,343.47719334707176,1053.0297108099742,681.6427093636646,1288.4723988733817,764.8143985753486,4950.7241482456575,No
346,Laughs Super,Colombo,230.3024768581397,321.8956742327983,373.61227430977993,1101.0691105552353,566.5262187455428,1378.0815108613351,569.5523348965258,4751.464333424454,No
347,Arpico Supercentre,Galle,184.90610496227671,296.77583062860265,332.7692732445786,1118.8863831160818,613.7610644378915,1200.8739588458843,788.4232276573646,4646.169984672478,No
348,Keells,Kandy,185.66408114600503,331.68007211127394,342.4383290448162,1156.1431976866904,637.1938312257319,1195.4776093296255,582.7601976326047,4679.597093648717,No
349,Laughs Super,Kandy,241.48722876178758,346.1558338999214,329.62590038586393,1125.8771887906134,629.4974242277472,1169.3824966273155,443.8535643131316,4458.943013532759,No
350,Spar,Kandy,NA,293.56753727908074,296.67167412323727,1092.4293384944858,722.472989947905,1147.3367806992624,582.9380793589196,4584.231304410419,No
351,Laughs Super,Colombo,206.7870453326761,290.9798993974014,349.0866662520347,1120.823072237807,541.1848371538365,1168.6056356433749,590.0577818193217,4593.773909368065,Yes
352,Spar,Kandy,206.77181657433903,302.9835452068987,353.2112934399438,1115.0522238137225,546.1768459733598,1217.3970665859224,537.3324144497763,4543.037922268336,Yes
353,Arpico Supercentre,Gampaha,227.6890745856433,290.4463970821159,376.6465249690409,1187.2508214993895,542.0122776448933,1132.487937047032,563.0392472032056,4449.03761195631,No
354,Spar,Gampaha,219.80883774267448,287.5225960797976,369.8859563167322,1108.2829471784266,585.2040789491558,1066.4568522500813,576.1727129407676,4621.66150536154,No
355,Keells,Gampaha,235.81592823773673,289.2652291951698,370.2238224759749,1080.8458293223719,654.9688694091226,1212.7901307211341,400.63189892342587,4545.364523874827,No
356,Arpico Supercentre,Colombo,227.1937138664963,334.31512016012493,325.64909442205305,1122.4804515035914,548.4132710101744,1130.7043521045255,393.5141595270048,4414.034111650248,Yes
357,Keells,Kandy,243.74546190934802,315.43763990070863,361.4874326517673,1109.9242659669267,655.6680252971969,940.8449820047945,420.57830013855664,4154.29022737464,Yes
358,Sathosa,Colombo,234.5511666687059,290.3810774548382,389.5648491370398,1021.4503322162664,601.7563334963869,1244.205391252561,512.7542394370511,4396.724649411611,No
359,Cargills Food City,Kandy,230.81159573710866,250.89749948555428,359.49669626772703,1099.2173969188916,544.5501653394538,1111.3552769506377,477.682882852658,4161.830270312328,Yes
360,Spar,Galle,214.7181291954449,269.1107101278707,395.71484032662494,1094.9630877296997,512.4315021716072,1252.9431563752587,402.4429434077051,4287.734544883352,No
361,Cargills Food City,Galle,213.62018148757232,310.06858165203755,400.4741527779966,1072.8064067110342,523.6214753095337,1251.0278485212784,577.5314210519647,4580.319013734822,No
362,Cargills Food City,Colombo,219.2236152294205,257.56888117222366,343.28829324270885,1151.7791643811486,566.7073295883038,1222.6872009218266,528.304482013648,4696.492656413804,No
363,Spar,Gampaha,247.61414604905812,305.8598705490391,332.5765063729857,1060.7160201694003,591.542441212834,1399.7454272285197,516.8928991370855,4706.940392924035,No
364,Arpico Supercentre,Colombo,213.90587905915322,278.68872550269947,330.96344586452625,1122.780930976227,667.3031488365225,1188.95585200221,474.20106948260644,4461.644053511645,No
365,Sathosa,Gampaha,223.90793480611023,301.83611549161344,312.0966044974195,1092.6071500078135,639.954410609412,1177.1488346001129,462.1771897634427,4483.170381024833,No
366,Keells,Kandy,186.32795638439035,301.2771260266829,337.039927514612,1105.3847502823392,558.0529373959849,1254.6937937133534,415.8668838191023,4279.055921983909,No
367,Laughs Super,Gampaha,230.1371309506612,302.4117986778142,380.19163624390615,1120.5893145522934,620.4332641686084,1195.5642110308966,593.3740292537337,4748.1836258602,Yes
368,Keells,Gampaha,253.85797421639708,292.11156305842957,294.899060618719,1034.62128080545,682.577313459612,1292.8394829915208,429.6507118346814,4560.824982813118,No
369,Laughs Super,Kandy,205.99542836105613,291.45428748784536,324.06366498215635,1109.583044586739,693.6958710515017,1098.4955273939581,520.9390466692817,4598.0232570355965,Yes
370,Keells,Galle,267.6166320569014,285.5841916212712,346.82171395870006,1214.4473744856602,584.2796994223202,1099.8260442028527,666.2010396272033,4906.499417599433,No
371,Spar,Kandy,222.7336090698498,309.6778463448378,328.0703699844575,1022.1618327060638,647.91442148525,1261.2647593060974,466.7742255310649,4429.238528131614,No
372,Sathosa,Colombo,181.40603137923483,316.103853495619,336.8178513939945,1097.1196018142248,669.4977683443913,1106.8151248529118,596.0702140719195,4565.385050230496,Yes
373,Laughs Super,Colombo,214.21692640048133,275.6205495492775,337.1917581394424,1156.161966241191,524.6464038410807,1248.7278885154171,556.8709016035673,4713.331771866505,Yes
374,Glomark,Colombo,239.95657844903624,298.9674305541546,343.5614944984563,1115.0809623976797,574.3796456420151,1229.6002276968293,531.1467563261053,4691.505900751224,No
375,Arpico Supercentre,Colombo,249.98975809374707,NA,331.76363259725656,1134.3983476058017,711.0009367211632,1144.440937117787,543.0348441904753,4679.222023135544,Yes
376,Keells,Colombo,230.77147822377526,303.6754226924608,329.7196696536113,981.2166994453692,584.9481944939548,1229.3736128186747,490.509343072907,4547.098313038312,No
377,Keells,Galle,243.51391631318452,303.3353923919303,373.3577436480308,1129.9124687314975,453.55243176494514,1101.232604337261,503.47759687934405,4209.361813963695,No
378,Laughs Super,Galle,202.3332168776147,291.9593037930955,376.24135444650864,1061.91558968832,593.9519094806639,1120.008005898904,445.1886051774275,4478.17171121309,Yes
379,Arpico Supercentre,Gampaha,209.7960761920914,305.5806085092508,315.4864163688148,1115.4938642291572,656.2312749557931,1181.0249809270347,504.1457121134089,4390.83919379241,Yes
380,Arpico Supercentre,Colombo,194.80811076997315,312.3605742196724,281.0100650181779,1098.5282634545254,600.3255218400448,1206.3142255257776,441.47740042165026,4398.561354837382,Yes
381,Spar,Kandy,210.92405386012146,302.82073311645127,376.58437123927325,1213.9166514580816,635.7681973400316,1175.7089170409713,600.5655093076597,4928.33325435382,Yes
382,Glomark,Colombo,231.42878479653498,310.1187967306745,319.2799895361966,1127.3347661882938,646.9110998827865,1234.649277109849,330.0502571321556,4372.037896226684,No
383,Spar,Galle,223.1898364357453,319.8070682207501,355.3186209614935,1094.3688085368608,582.2531274283859,1231.0773132038632,548.1053291125482,4605.700640641124,Yes
384,Spar,Colombo,233.01773554994773,262.98119284209463,310.85820317429454,1024.5153620373223,574.0303506792812,1322.3493446678515,533.658670142228,4457.206964872619,Yes
385,Spar,Galle,205.95228973754894,318.8692768373073,382.4438746314918,1106.0573450924949,607.6720487977136,1192.3771722283996,524.6015964176033,4755.163090156711,Yes
386,Spar,Gampaha,206.867124597822,306.8485553044255,413.5916973825382,1141.161443917341,608.888946146494,1295.5650744947302,602.4498948865487,4968.3590393813765,Yes
387,Spar,Gampaha,223.0691531428737,277.76749344522545,354.57017273013344,1095.9724054090389,602.7038409923487,1273.6580410315114,471.3876409957053,4628.958425064909,Yes
388,Sathosa,Gampaha,210.96028292042027,316.04941764639375,347.6474337885121,1074.7171820031278,604.7578261341232,1383.5181826634519,525.543384457205,4762.273029426262,No
389,Arpico Supercentre,Galle,239.52773752240142,292.03358187952074,341.94651062024843,1071.370666807684,562.5726932689631,1189.819358407818,328.34581118135475,4370.399705420065,No
390,Spar,Colombo,210.58871673433785,294.76067127362893,369.5449827828228,1126.757071772766,637.5143455040474,1166.371302283761,458.46831178647767,4483.095812911562,Yes
391,Arpico Supercentre,Colombo,212.5691613560313,289.8464043506868,364.19216877336464,1137.969396965458,629.9615973556483,1300.6155377794987,585.5736431175224,4773.003280885388,Yes
392,Arpico Supercentre,Kandy,226.2825912080273,306.04797688476447,375.08746133882164,1168.060505766056,533.1995816682271,1230.834605739301,366.08382644635185,4535.31589755093,No
393,Cargills Food City,Galle,214.1606771240876,284.2929371497589,334.30208693504795,1050.2500053394822,580.5418841457016,1302.532737342712,515.9743367050745,4490.249794276338,Yes
394,Sathosa,Kandy,201.4758340969388,318.0294925989557,358.5029426601161,1126.2988779208808,604.6539936269724,1257.34390383916,432.2482928116203,4406.498932922931,No
395,Spar,Gampaha,203.50966262751868,297.22274825610657,336.4382983323451,1093.9148022791067,573.2843498861913,1031.4590326880402,488.9013028228265,4129.158940434612,No
396,Keells,Colombo,228.06648937610433,292.71595033024124,323.55710879824863,1095.3882897683359,631.8685988793897,1230.1057421624946,438.2322511238403,4363.86357610726,Yes
397,Laughs Super,Galle,199.6193272815691,315.0575135522794,348.97461447491344,1120.0912927017,596.6558730771432,1224.8972718361192,375.28043957065694,4555.0493917189015,No
398,Glomark,Kandy,240.95746641323217,293.6088647536184,326.93718174057295,1120.3828126812473,608.4536264727593,1210.648552197117,538.6003314959801,4590.32209448241,Yes
399,Keells,Kandy,209.64401073547376,318.96353650724603,379.3431749435647,1126.4384052895787,579.9645346258463,1189.4205556701293,495.0403237975254,4629.954760062156,Yes
400,Sathosa,Kandy,NA,319.5918590168173,328.45199054960443,1047.1264403902096,500.33905882946925,1072.6285177764537,561.2629119687199,4267.391225997445,No
401,Laughs Super,Colombo,210.5438106395555,273.30392323562046,359.08864851718397,1062.5094296416771,497.4825839218775,1269.934153379066,579.4437907998861,4425.3619230941895,No
402,Sathosa,Colombo,206.27137930005452,322.1852040444585,334.91444253100696,1174.2934137758841,629.4804773346013,1229.9014742474797,622.5258737089015,4735.496517530786,Yes
403,Arpico Supercentre,Colombo,223.69155523435273,270.7592805699623,356.9265687609378,1088.971376625958,613.3456038244698,1288.1565357917939,513.3486745442665,4719.009397575649,No
404,Laughs Super,Galle,235.7767520052385,323.4316105376502,336.9000856636161,1115.3007199008948,621.9331103175542,1076.8995580579797,626.8621024603208,4640.776203207295,Yes
405,Arpico Supercentre,Colombo,216.28948373709844,340.5671438446048,318.5697181285616,1152.7333156021593,606.7236421031456,1240.5707591636215,402.4225492609046,4684.322726877923,No
406,Keells,Galle,219.0178396936381,317.4966887653826,362.0943185237961,1123.172153618041,610.7283701686757,1181.227252996275,590.8959829228131,4732.233245273722,No
407,Keells,Kandy,232.111260416242,256.86038710600656,344.1146094521695,1127.326131548602,648.4511686809394,1211.5030407940424,545.9390416327853,4652.798734370955,Yes
408,Laughs Super,Kandy,232.60790875377336,321.2713143877204,357.1496235180615,1144.7288839621879,622.2309686200706,1182.1472292655287,523.3092652514787,4685.09495866118,Yes
409,Laughs Super,Gampaha,219.42262419970388,344.92257931872024,339.2789266092391,994.16681195515,652.0454675153055,1243.4886341984104,544.4732234163117,4751.579608332855,Yes
410,Spar,Colombo,213.34780161272067,293.9393671800394,316.8015871557887,1075.5024922419732,608.5730920613299,1186.9701503206736,403.9261121664538,4439.512485086467,No
411,Sathosa,Kandy,221.23983939167547,299.3059335994022,377.0794649264064,1123.4302898249796,584.9809129740115,1115.8468059955449,380.32531900749774,4192.142510622316,Yes
412,Spar,Colombo,217.13632762917484,276.23026556147136,368.4189438860272,1169.382215352883,609.7101431078123,1206.9140335028953,670.9828186076999,4802.242800250071,Yes
413,Sathosa,Galle,224.6946122772528,306.2415883763934,335.82597561116893,1103.3047779827887,558.1911059256352,1182.86603702916,483.12778218027296,4509.102091072763,No
414,Spar,Kandy,202.0859435973137,325.3835436508626,351.74448033746995,1057.7641769121951,581.0076535544046,1193.3285103096894,481.70065781932993,4528.019579525092,No
415,Arpico Supercentre,Colombo,224.1577236903812,313.95474256298905,376.05048707907343,1059.095697519475,608.8785654320019,944.9750819167886,389.76905257587083,4062.0071691685716,Yes
416,Laughs Super,Kandy,209.22544875743876,362.839339545756,338.5740416034401,1144.1930601726538,608.2159165950507,1254.6108866854966,351.8221694503163,4651.0622496257465,Yes
417,Keells,Kandy,233.58831417235754,300.660540859316,342.4528873702362,1089.1113208804056,594.6790559998506,1174.8269106122575,491.1681121187718,4634.20558655884,Yes
418,Sathosa,Colombo,209.91298225944226,267.3865326516947,356.09081250018437,1099.6399977104832,530.5907644912896,1092.1477140785387,465.8412078491272,4178.200343281229,Yes
419,Sathosa,Kandy,210.17335349213602,303.41941943136436,338.52272341113536,1130.751509688616,631.8204773210357,1273.8050813478515,500.17343567424507,4786.319676358013,No
420,Keells,Kandy,226.6809823661761,251.6709646957502,371.42729992467554,954.9238158653211,641.7114203299775,1250.9092582202345,508.7153940382175,4322.791635785102,No
421,Spar,Kandy,220.21317833224296,289.3379215027097,345.77748049231406,1200.018375575404,682.1845247626119,1173.8143842980114,748.9461081260694,4774.266622246678,Yes
422,Sathosa,Kandy,254.14977439598255,332.48764117200426,330.39910312515065,1063.446308247447,622.0887998294365,1107.8264496383986,466.1420019261045,4303.24755031752,Yes
423,Glomark,Galle,195.56046084168622,306.5026729726354,365.21597074684985,1112.0968184736787,600.0730917095741,1214.2424587743499,657.9940107943446,4561.282804024339,Yes
424,Arpico Supercentre,Kandy,221.64779420432117,303.5883362566254,321.44673376421633,1014.7651493251865,549.3485245194926,1209.8484867670088,664.2024215044945,4660.204277388502,No
425,Laughs Super,Gampaha,236.94474227458556,336.4156075343071,400.37196402810537,1078.8729444797482,674.6008934680527,1273.9467426393426,575.3624285271984,4689.665140685229,Yes
426,Keells,Kandy,211.3252911560905,294.5880021667326,389.5624090895051,1162.2344023182548,612.3916488437012,1164.5011588111608,476.4873667450888,4491.005593079201,Yes
427,Laughs Super,Colombo,206.3416323289018,325.23640825868216,362.8373869230254,1004.1916410167061,609.6686586912729,1295.5937707891997,363.85276638672707,4285.67091952453,No
428,Glomark,Gampaha,206.93703028530507,302.5861395033268,360.7332755454976,1156.310004359457,587.2971900910575,1156.7797597331387,547.7943877333906,4506.867477780521,No
429,Sathosa,Galle,195.82058230524873,307.60094926918055,359.56103544548245,1086.3151951883808,584.101521678257,1092.3334572366061,601.8812079700945,4342.794265551284,Yes
430,Sathosa,Gampaha,240.24556940966042,275.65390288273977,337.7726303520273,1124.3582220110095,634.4133367025423,1109.4173795618176,674.7687464282984,4719.519422316025,Yes
431,Glomark,Gampaha,215.05573987290387,290.3590641034357,357.43274114202103,1132.8762206742556,548.9279688670704,1195.0070768691508,405.0042045753218,4271.763854406241,No
432,Keells,Gampaha,213.27959290299654,272.04963534312253,326.9216847385538,1122.0710749745463,681.271592957939,1194.7588392753014,475.64736108147326,4663.800693045378,Yes
433,Arpico Supercentre,Colombo,188.1385288850474,298.09509843549307,362.5954604610045,1056.7524674184588,670.3763228769186,1226.228891260062,405.6135409577153,4567.042457046003,Yes
434,Cargills Food City,Colombo,198.49437141307172,307.80804687832534,371.6961735757824,1081.7725426732488,582.2969226566455,1192.7700775105247,436.65220075630776,4259.479309285728,No
435,Keells,Colombo,241.9808463327864,277.799237898171,340.54784747541663,1026.9221911374593,556.8067717063478,1278.1854812851464,566.4387534235627,4681.77352927427,No
436,Cargills Food City,Galle,224.5465849915087,340.98357845369645,335.12245514613204,1124.589816579404,499.23970058222926,1179.112472122994,432.0695230634264,4227.953731362186,No
437,Glomark,Colombo,237.4975124488766,305.56212038183924,319.68807438380225,1185.1027577007962,537.4293063757887,1040.2978988102868,417.57288226829905,4201.52748244302,Yes
438,Spar,Colombo,235.59988659744744,301.1559117117044,386.44888083914225,1008.7779556661769,636.4955746441437,1190.3122649227364,579.6995863722275,4436.501458154054,No
439,Cargills Food City,Gampaha,204.9906957914059,315.3931550269125,337.10839915394473,1061.9177046930981,615.7670929450327,1039.4577049786815,545.0738790043547,4312.788989218924,No
440,Arpico Supercentre,Colombo,256.44771592980953,283.4214383826816,345.03152409958443,1090.9112362058534,624.6826782653044,1221.7112784798157,535.0011197935174,4623.472956448433,Yes
441,Spar,Kandy,249.24598893401844,303.2695495833491,357.50388962489313,1108.6670711856777,507.7210182337919,1284.5754399187933,434.7112641800934,4601.192947461282,Yes
442,Cargills Food City,Colombo,211.54350336815446,285.6626755928482,357.05519107224836,1143.9588150717213,580.2092189948668,1121.1020410973983,629.3023278214702,4532.455724505567,No
443,Glomark,Galle,166.47692050960177,331.17359820177967,368.66400239202676,1092.3900009821166,668.3636403141041,1313.484534911348,501.4490197319791,4781.544783460187,No
444,Spar,Galle,214.65201865083884,278.8272130120584,340.5167520040418,1084.2020636777174,595.1986297340324,1267.4264995782744,738.019013875477,4677.00327848246,Yes
445,Glomark,Kandy,223.57444393182172,301.2633091861435,321.5333015382272,1155.156535303487,536.3852632688007,1296.5184124332043,516.1166169470044,4698.800002395064,Yes
446,Cargills Food City,Galle,211.48421447836463,306.5863157030355,317.1583672756921,1133.0997783531652,594.419883457855,1215.1651085147705,266.665215815284,4201.831012379038,No
447,Glomark,Galle,216.67716854972923,307.896514888154,335.5186191789288,1126.948898785055,561.4491290817375,1120.5787859398542,262.21244652231314,4055.05238240463,No
448,Arpico Supercentre,Gampaha,207.57012945493307,288.3752965383434,326.2037381331344,1105.6257855794056,616.6839529972699,1262.465234225131,562.3949941845468,4521.514348696378,Yes
449,Cargills Food City,Kandy,233.82452077530772,282.08981195709805,342.40958236730603,1149.1576105459928,601.0272689443857,1150.031927458533,630.0494152330806,4540.281976169222,No
450,Cargills Food City,Gampaha,NA,NA,382.68947026899957,1067.1845304384867,627.1648332041145,1209.4307604882683,421.61718700761503,4475.107845985718,Yes
451,Cargills Food City,Gampaha,234.2727109441443,310.56650868420564,340.5680448529078,1060.365285890696,539.1038186617444,1186.2919205757105,710.0978772777152,4764.9941350510835,No
452,Keells,Colombo,238.33305019311905,297.12308458176074,340.55872846663607,1137.3050493434662,577.5641715667451,1289.9756685437517,666.2998936994103,4667.060998822665,Yes
453,Keells,Kandy,187.3851465387003,315.92417616905044,349.59003059360526,1018.7482015376546,654.5217170699555,1258.4261604738663,521.0546763441148,4635.275634868399,Yes
454,Keells,Colombo,208.44216683748846,309.5400743879015,339.85937521969834,1104.6089754818242,532.2859972782259,1193.5547361350104,553.9453942356131,4549.152860244377,No
455,Arpico Supercentre,Colombo,210.63956059539186,254.46174603800785,348.31521910704515,1084.1720823868743,549.8443991980012,1043.8714245167878,589.4530217388517,4447.215986398641,No
456,Spar,Gampaha,258.57058539533176,304.94995593674423,363.52173056203367,1029.7122634673522,609.9648654996032,1149.1818026776639,688.9994897320515,4579.034367819176,Yes
457,Glomark,Galle,222.23508050350486,345.0090953563254,372.11877636908287,1053.4366210141868,614.3364919541896,1256.3377831587534,568.2135966745582,4679.900890700729,No
458,Sathosa,Kandy,232.18840894544596,326.5053810207666,375.0803299934756,1094.5511953852326,575.5575078628615,1222.4088208837268,518.7931652271149,4753.810382364666,No
459,Cargills Food City,Galle,191.78962346088232,308.44026321413935,401.4213055182755,1151.6981628249512,586.0783558680575,1079.7422452469712,567.2301197586648,4598.447755389638,No
460,Glomark,Gampaha,222.14823178746283,278.8121573906011,364.23398615431097,1067.3521004371094,626.6612780777821,1055.4729622024888,553.7360281449226,4381.428980021473,Yes
461,Cargills Food City,Gampaha,234.67439473174386,309.55107432251293,405.86197253373274,1160.6690699952496,642.4817500879933,1215.6407320125966,592.4410187274993,4700.499527203267,No
462,Arpico Supercentre,Gampaha,232.92947627590235,314.7949987975652,330.5879547985089,1103.1589613778258,546.538916735512,1115.4354265827378,342.9976706920463,4149.882803663297,No
463,Cargills Food City,Gampaha,229.35099158374527,294.9250663834483,402.28212256061465,1165.5192351084986,618.2159760313975,1123.1362831329939,531.5853449947455,4655.276463309651,Yes
464,Keells,Gampaha,220.1950075974269,306.33484117608873,340.49059864451027,1069.7754195609975,675.6008000002861,1253.8086183026123,546.0440507579737,4753.993206743814,No
465,Sathosa,Gampaha,220.92352930938176,330.19324916792084,342.9495267309241,1097.5595205947316,594.2053969319434,1296.179102433254,492.7152832947828,4505.765049805339,No
466,Laughs Super,Galle,194.60100737935315,282.8545116051655,347.00318631442815,1118.4241801668497,546.0080423105741,1139.9438378370962,578.4166444217559,4493.208951657815,Yes
467,Cargills Food City,Colombo,206.49200672219285,278.8340079008175,344.53448222103174,1091.0244768629243,543.6954045586392,1196.419175391026,692.1167620569041,4631.838092530749,Yes
468,Glomark,Galle,223.46415934582245,313.85398651988424,352.1460099181626,1147.6512073572617,591.9631279344069,1194.060266721251,513.8217131104441,4602.020036813783,No
469,Keells,Kandy,209.26036289610693,309.15085272396163,335.49929993778903,989.6218137354867,651.7923652433809,1186.8636716242786,569.172108070769,4571.10465530576,No
470,Laughs Super,Galle,230.33257370549177,320.5767659082562,370.7490543267843,1221.120276939497,597.962207507669,1203.247878092504,660.6264760451553,5005.198190135345,Yes
471,Sathosa,Gampaha,227.00173825397295,311.3958762380754,336.1791241344705,1142.8887303497581,609.4615989952964,1260.5199142272124,516.1564505941856,4605.460979656382,Yes
472,Laughs Super,Galle,240.5105538208299,288.6448987365161,366.39025995632227,1091.3234085482493,550.1829158913098,1146.0860522616324,411.1536797641191,4467.367627758022,No
473,Keells,Colombo,234.37380739228857,308.6438530293081,388.19309048809413,1072.3839163211328,649.1558816488273,1077.9777972387146,561.5778849087924,4433.311448156102,No
474,Spar,Kandy,223.40892113701852,277.1574691340765,341.0724407548065,1056.6789694275724,542.7170714417323,1335.200794688301,279.8333863201924,4193.334175042681,No
475,Spar,Galle,231.21970651092875,294.99362576534014,369.8595854494794,1132.2807737084868,574.7751757864183,1287.153753959204,270.163296203732,4332.446095169354,Yes
476,Laughs Super,Colombo,235.07653243449485,310.05598461932806,363.9789822225796,1149.7490834396176,631.4957431023147,1111.7089703000481,533.3012047116258,4463.530641058567,No
477,Arpico Supercentre,Galle,212.38844071138027,292.7897156655222,406.32217205549375,1091.873693593505,498.0284250840034,1210.8505607020763,265.50296169181337,4130.603382563774,Yes
478,Glomark,Kandy,215.06003502520298,349.3610436445965,337.3792358788763,1155.3495206489251,608.6980574842854,1280.8561731668888,368.4832257571809,4438.2259723945335,Yes
479,Glomark,Galle,218.54760943909884,262.15631502352664,369.8767904201446,1054.636997661944,548.046321680411,1259.9235155620831,461.9901436489678,4533.158236178873,Yes
480,Laughs Super,Gampaha,212.86704183753477,289.0501928600238,309.34972270558615,1045.8094575006583,600.8274699454556,1236.9610647943427,427.85836502541133,4251.012237191756,No
481,Cargills Food City,Galle,235.23530417595225,281.2444033226018,337.6035397315797,1190.6670602622773,582.3972196144032,1186.3818486726605,485.2193496452882,4641.719253779135,No
482,Cargills Food City,Colombo,210.59034187484045,285.9930238508409,358.8348209399227,1129.5554306769272,705.2917412674244,1338.1843140049566,611.2870140768497,4750.3160388863025,No
483,Glomark,Galle,238.77477207099736,287.1400355303824,384.82899922724454,1169.8424100906664,580.3439405400046,1217.6687097967567,523.8480811363931,4824.560721068441,Yes
484,Glomark,Colombo,214.49540201679426,273.47158626282015,319.35166587539493,1057.3030145806154,692.1325686441671,1158.8032592543448,416.0679598220541,4449.317735284942,No
485,Spar,Kandy,227.08594964259038,315.05404297145253,369.65226601852777,1053.8237304115635,629.3476145591687,1269.6860583076477,635.4441072784276,4592.542453048714,Yes
486,Arpico Supercentre,Galle,222.49622723144333,289.05809405225796,348.41941358792604,1082.069534027123,559.9270514635135,1207.6846913561137,357.11427634558095,4396.618926265418,Yes
487,Keells,Kandy,205.360302875625,303.2714667117731,311.96180866519217,1058.7970579230494,616.5405462629878,1227.9838181802897,522.1883508772099,4505.653015862759,Yes
488,Cargills Food City,Kandy,219.70165405763814,291.3034847617951,354.5396711487198,1135.2682605114226,584.7795126831094,1216.2519361272966,345.99140249882953,4489.406948201153,Yes
489,Glomark,Galle,225.00465297175896,286.1823917542758,392.7290308244553,1062.4436971536777,612.1078745370617,1239.7420459013529,525.2317905730539,4611.865058577503,Yes
490,Spar,Colombo,219.03560969334254,333.44558472173696,321.9894335022096,1041.4165070966355,564.3054506283366,1121.7234997280634,468.1372596107402,4360.17484116347,Yes
491,Sathosa,Kandy,199.85940162240573,318.45864364418816,347.2515571157454,1107.1007706127616,684.5088816672978,1083.9114890263993,608.2237911526367,4709.90112137951,No
492,Spar,Kandy,245.52143865289258,262.6359920008971,325.33402538401083,1035.5006912087392,646.2699045398363,1314.7306178586866,572.068947119423,4632.767698519243,Yes
493,Cargills Food City,Galle,221.31549224292604,260.51725103328226,338.2854267022496,1010.0268034262306,601.5890784080796,1219.9667649431335,441.28606680083374,4175.733374963375,No
494,Cargills Food City,Galle,208.08546137254717,320.8521767127297,385.80425358811584,1106.6628616930639,686.4557384034766,1261.6677821926862,422.1060359183759,4778.079331531097,Yes
495,Spar,Galle,244.31152035200913,289.60293216902494,343.2118881127154,1012.5389978494895,603.7139622041424,1059.21926238579,468.49032669678905,4224.038187994998,No
496,Keells,Galle,229.2608471458049,267.01835332131554,385.0391434378832,1138.7639698147711,654.8812482430583,1285.3346486971602,687.5571460034339,4925.255251096704,No
497,Laughs Super,Galle,201.99745005397585,320.9147026508068,377.72635119828965,1030.2333136873601,601.9150293761212,1158.2811483715386,661.906848110808,4442.738980151023,No
498,Cargills Food City,Gampaha,204.33257880400183,303.38248100198183,340.9315521628888,987.9663106790126,619.6943797405289,1135.5025466552765,403.17318146313494,4232.154629580692,No
499,Spar,Galle,216.66407920168237,305.0314216966464,337.4350134848442,1085.3101674929603,595.928060952861,1194.9301465894412,580.0225338001349,4742.188669101958,Yes
500,Glomark,Colombo,NA,316.19078544011813,327.60002982963744,1107.2297251648242,604.7650676936969,1121.7615831565981,326.85685711027344,4199.129123299434,Yes
501,Spar,Kandy,229.34199747195882,273.80045683435213,326.7279701451649,1124.573753184097,608.5265930193999,1199.8614641419515,455.26575389426347,4435.892989297101,Yes
502,Arpico Supercentre,Colombo,234.2526771929285,267.3699835723167,358.83018486269606,1108.6007849507928,566.5134083755803,1189.092932238841,407.24356471375415,4441.69382872495,Yes
503,Laughs Super,Colombo,228.09358609600213,331.61908589806404,349.5053671196259,1047.0343689441129,579.9465666538456,1284.8316724187107,606.9279457572441,4805.1475744687,No
504,Sathosa,Gampaha,240.20118967961494,271.25666478515416,334.40986412676983,1135.65305904633,589.1622491756914,1321.0675601711575,370.92824802115877,4490.268927030757,No
505,Keells,Galle,221.90189739520704,275.5552440584887,311.28092694691804,1148.0069253239874,611.4855508401148,1318.5212634273266,542.9350235422472,4628.019457553192,No
506,Sathosa,Kandy,208.60540929282666,279.5512924090847,352.6544691955553,1039.711893577223,598.4710490248266,1018.8388016483107,500.07101215659634,4377.809001761529,Yes
507,Laughs Super,Colombo,219.94973695511538,341.59891847381044,338.26119552346665,1090.9496930670193,658.6516266912854,1125.1866536125372,482.45511702704897,4572.805357944503,No
508,Laughs Super,Galle,218.96529009481313,309.86766600823046,345.11755761044765,1086.277998644549,642.3559159489821,1018.009058894211,667.1582950744398,4414.333522758726,Yes
509,Laughs Super,Galle,181.3267685550626,319.3081594887076,357.616545717452,1111.0190791394016,590.1836221987314,1104.5166180451974,675.9697192334311,4450.670753885448,No
510,Sathosa,Gampaha,211.5794971135651,303.9233509115746,287.4549284653034,1089.7538104112946,669.089194872597,1148.0385431276934,485.56071815470284,4441.602849103945,No
511,Glomark,Gampaha,224.71305599425676,287.96225577597534,311.6681349072719,1096.6061113963513,693.6510311787729,1232.8449292181556,465.40836994000057,4475.048269951206,No
512,Laughs Super,Gampaha,213.6367665218232,312.62582566520337,407.4110769201297,1132.0907765120846,497.80868525389417,1158.4053412405967,349.3126681196833,4235.440633132092,No
513,Spar,Kandy,210.30685957265501,268.8676805840639,337.3347373325096,1044.3073450199433,646.614504253314,1160.6343943241084,499.574101276079,4543.624790867589,No
514,Sathosa,Colombo,233.67064293706846,278.0943309580701,287.0641724400618,1136.8686567630411,565.350790133425,1214.541174655981,695.3303255745991,4530.743981439359,Yes
515,Laughs Super,Gampaha,206.2518126283684,314.65950358522963,313.7514955120937,1157.0566365765626,640.0374010661649,1063.2552283833752,487.12646604720766,4505.121461806935,No
516,Spar,Gampaha,230.67433975706234,272.8548953834644,412.1116842160358,1181.7067496744435,661.9118970323216,1132.9125477628909,572.8759283143779,4651.202057991295,Yes
517,Glomark,Gampaha,200.00883293817571,296.2183706167625,332.425063493254,992.831633793132,556.1503702744724,1159.7154699346102,360.25026760807356,4212.628431417895,Yes
518,Arpico Supercentre,Colombo,261.41142903589275,297.12975311289176,378.9753811224289,1090.8549171442392,507.38364504921196,1183.8078409094924,456.52250702663986,4500.955317947019,Yes
519,Glomark,Colombo,216.76471709648115,289.4267599332568,353.02794995843016,1001.7449712823205,641.7717044107933,1206.1563192180436,546.2465305802651,4342.758016950663,Yes
